id,name,profile_name,clicks,registrations,ftd_count,reg_rate,ftd_rate,ngr_per_ftd,total_ngr,retention_30d
1,"Rodriguez, Figueroa and Sanchez",SEO,13456,1095,415,0.0814,0.3793,135.61,56276.6,0.6611
2,Doyle Ltd,SEO,31129,1517,623,0.0487,0.4108,165.23,102939,0.6018
3,"Mcclain, Miller and Henderson",SEO,8906,393,113,0.0442,0.2894,141.12,15947,0.6674
4,Davis and Sons,SEO,15307,1226,388,0.0801,0.3172,114.36,44372,0.6723
5,"Guzman, Hoffman and Baldwin",SEO,23991,2005,679,0.0836,0.3387,157.13,106690,0.5495
6,"Gardner, Robinson and Lawrence",SEO,23654,1033,432,0.0437,0.419,202.37,87422,0.5562
7,Blake and Sons,SEO,28520,2276,746,0.0798,0.3281,196.89,146883,0.5712
8,"Henderson, Ramirez and Lewis",SEO,11233,858,269,0.0765,0.3141,187.5,50438.6,0.5932
9,Garcia-James,SEO,33815,1610,496,0.0476,0.3087,148.25,73531.2,0.486
10,Abbott-Munoz,SEO,20602,928,281,0.045,0.3037,191.18,53721.3,0.6392
11,Blair PLC,SEO,13489,1107,374,0.0821,0.3381,185.54,69392,0.585
12,Dudley Group,SEO,13042,802,250,0.0615,0.3126,153.47,38367.5,0.4299
13,Arnold Ltd,SEO,3334,227,86,0.0682,0.3805,208.92,17967.3,0.6793
14,"Mcclure, Ward and Lee",SEO,34225,2368,921,0.0692,0.3891,170.14,156700,0.4956
15,Williams and Sons,SEO,6625,279,94,0.0421,0.3393,195.92,18416.7,0.5632
16,Galloway-Wyatt,SEO,4624,327,95,0.0709,0.2914,207.53,19715,0.5336
17,James Group,SEO,37914,2127,810,0.0561,0.3811,193.24,156528,0.565
18,"Flowers, Martin and Kelly",SEO,9648,490,148,0.0508,0.3029,211.15,31250.8,0.6548
19,"Adams, Zuniga and Wong",SEO,26162,1204,381,0.046,0.3165,189.45,72179.5,0.4289
20,"Reid, Ferguson and Sanchez",SEO,3925,266,96,0.0679,0.3611,132.06,12678.1,0.4215
21,Gray-Mayo,SEO,15039,849,265,0.0565,0.3124,164.62,43624.2,0.6208
22,"Watts, Robinson and Nguyen",SEO,11748,918,274,0.0782,0.299,173.02,47407.8,0.6723
23,Perez Inc,SEO,8270,438,129,0.053,0.2963,189.99,24509.2,0.4268
24,Morales-Jones,SEO,24072,1177,482,0.0489,0.4097,213.74,103022,0.4808
25,"Walter, Edwards and Rios",SEO,19667,1707,591,0.0868,0.3467,187.16,110612,0.5067
26,Wilkerson-Day,SEO,7389,303,87,0.041,0.2876,175.88,15302,0.5532
27,Baker and Sons,SEO,38272,1854,723,0.0485,0.3903,113.28,81901.8,0.6554
28,"Hoffman, Baker and Richards",SEO,7066,390,146,0.0552,0.3759,98.68,14407.2,0.4343
29,"Ross, Robinson and Bright",SEO,28495,1412,576,0.0496,0.4081,117.71,67801.1,0.6081
30,"Snyder, Campos and Callahan",SEO,16618,792,250,0.0477,0.3162,191.44,47859.7,0.5588
31,Burton Ltd,SEO,23937,1417,471,0.0592,0.333,134.85,63515.2,0.6316
32,Carlson-Cruz,SEO,3380,244,71,0.0723,0.2938,188.22,13363.9,0.5182
33,"Ferrell, Rice and Maddox",SEO,19096,1104,413,0.0578,0.3746,139.92,57785.9,0.5942
34,Frazier Inc,SEO,14510,748,302,0.0516,0.4038,145.85,44046.7,0.6763
35,"Dyer, Potter and Mack",SEO,34259,2612,869,0.0763,0.333,97.34,84587.1,0.5523
36,Rodriguez-Graham,SEO,22367,1693,581,0.0757,0.3433,200.28,116362,0.6398
37,Smith-Bowen,SEO,3427,284,100,0.0829,0.3525,162.04,16204.3,0.4804
38,"Baker, Mason and White",SEO,34488,1891,708,0.0548,0.3748,209.48,148315,0.5041
39,Harrell LLC,SEO,37291,3183,1111,0.0854,0.3493,112.95,125483,0.6437
40,"Romero, Gonzalez and Brooks",SEO,16211,981,276,0.0605,0.2819,171.58,47354.7,0.5837
41,Ryan PLC,SEO,13696,1021,345,0.0745,0.3385,164.43,56728.5,0.4946
42,George Group,SEO,33143,1390,468,0.042,0.3367,117.8,55128.1,0.5847
43,Rodriguez LLC,SEO,34460,1571,544,0.0456,0.3465,132.11,71866,0.6141
44,Allen-Allen,SEO,29695,2327,843,0.0784,0.3626,175.29,147768,0.4976
45,"Arroyo, Miller and Tucker",SEO,32804,2223,809,0.0678,0.3643,130.12,105267,0.5338
46,Spence PLC,SEO,9764,553,223,0.0567,0.4041,208.1,46405.4,0.6367
47,Anderson Group,SEO,6671,428,133,0.0642,0.312,137.92,18343.4,0.6416
48,"Martin, Rose and Obrien",SEO,7619,563,185,0.074,0.3302,143.57,26560.4,0.5591
49,Hickman Ltd,SEO,13403,1143,445,0.0853,0.3902,111.77,49737.8,0.6183
50,"Harris, Collins and Carney",SEO,18299,1461,607,0.0798,0.4155,134.97,81924.6,0.4597
51,"Brooks, Lam and Hayes",SEO,8791,411,127,0.0468,0.3106,141.98,18030.8,0.5595
52,Walker LLC,SEO,33952,2177,765,0.0641,0.3517,198.68,151987,0.4221
53,Chapman and Sons,SEO,4804,309,118,0.0644,0.3834,198.44,23416,0.5292
54,"Robinson, Jones and Welch",SEO,38454,1950,718,0.0507,0.3682,212.25,152394,0.6423
55,Jones Inc,SEO,39472,2785,1006,0.0706,0.3615,118.3,119008,0.5412
56,Jones-Young,SEO,4309,236,89,0.0549,0.3787,203.16,18081.3,0.424
57,"Washington, Ryan and Cummings",SEO,7634,672,257,0.088,0.3831,158.55,40746.1,0.6552
58,"Johnston, Sanchez and Kennedy",SEO,26490,1382,483,0.0522,0.3502,177.75,85850.9,0.5651
59,Lee-Davis,SEO,34163,2515,839,0.0736,0.3337,166.73,139883,0.5925
60,Gomez-Jenkins,SEO,38920,1841,529,0.0473,0.2874,200.6,106117,0.5682
61,"Brown, Valdez and Lucas",SEO,11913,980,312,0.0823,0.3192,93.28,29102.4,0.5429
62,Powell LLC,SEO,6266,396,124,0.0632,0.314,195.05,24186.1,0.4502
63,Wright and Sons,SEO,27025,1202,336,0.0445,0.2803,143.23,48125.8,0.5288
64,"West, Henderson and Ramirez",SEO,23830,1859,686,0.078,0.3691,100.62,69025.1,0.4784
65,Baxter Inc,SEO,32146,2643,880,0.0822,0.3331,144.06,126773,0.5604
66,Morton-Chase,SEO,10230,522,148,0.0511,0.2841,146.67,21706.6,0.4325
67,Williams PLC,SEO,5971,506,210,0.0848,0.415,173.07,36345.5,0.5989
68,Novak and Sons,SEO,14487,1274,447,0.088,0.3513,99.54,44493.8,0.6096
69,Russell Group,SEO,27434,2243,688,0.0818,0.3071,136.45,93881,0.5866
70,Hancock Inc,SEO,34804,2378,690,0.0684,0.2903,171.53,118353,0.661
71,Gray Group,SEO,21887,1327,441,0.0607,0.3329,149.78,66055,0.5293
72,House-Glover,SEO,36449,2876,838,0.0789,0.2915,158.16,132538,0.6355
73,Henderson-Bernard,SEO,35552,2821,802,0.0794,0.2846,147.32,118150,0.5799
74,"Stanley, Tucker and Lee",SEO,23637,1338,400,0.0566,0.2994,154.9,61961.4,0.4965
75,Novak PLC,SEO,10416,774,307,0.0744,0.3975,114.53,35161.5,0.4469
76,"Daniels, Adkins and Brown",SEO,12917,811,325,0.0628,0.4014,216.03,70209.7,0.6193
77,"Woods, Calhoun and Schmidt",SEO,24338,1030,306,0.0424,0.2976,100.75,30830.4,0.493
78,Yu Inc,SEO,15859,875,333,0.0552,0.3806,94.56,31487.3,0.6649
79,Jones Inc,SEO,25069,1964,553,0.0784,0.282,116.04,64167.4,0.6348
80,"Hensley, Powell and David",SEO,32965,1487,572,0.0451,0.3851,101.66,58150.5,0.6008
81,"Sanchez, Wheeler and Harvey",SEO,4771,313,116,0.0657,0.3732,174.53,20245.5,0.6484
82,Sandoval-Cunningham,SEO,39776,2254,864,0.0567,0.3835,216.24,186834,0.556
83,Donovan-Harris,SEO,21756,1346,419,0.0619,0.3119,145.78,61082.9,0.5436
84,"Edwards, Baker and Anderson",SEO,29710,2502,1048,0.0842,0.419,150.28,157495,0.5569
85,"Evans, Stewart and Walton",SEO,15092,1005,303,0.0667,0.3017,188.26,57044,0.6199
86,Smith PLC,SEO,3717,223,87,0.0601,0.3922,218.16,18980.1,0.4953
87,"Ferrell, Jones and Lewis",SEO,7701,654,243,0.085,0.373,107.91,26222.3,0.5606
88,Anderson-Bailey,SEO,39062,2507,1011,0.0642,0.4036,116.75,118031,0.4292
89,Suarez LLC,SEO,25065,2050,632,0.0818,0.3084,137.54,86926.7,0.4535
90,Moore-Bass,SEO,20519,909,328,0.0443,0.3615,200.38,65725.9,0.4803
91,"Turner, Riggs and Roman",SEO,37930,2540,798,0.067,0.3144,151.95,121254,0.5156
92,"Smith, Montoya and Evans",SEO,11054,548,171,0.0496,0.3125,164.63,28151.1,0.5729
93,"Garcia, Humphrey and Baker",SEO,37817,2672,1095,0.0707,0.41,170.92,187161,0.4784
94,Newton and Sons,SEO,9548,786,252,0.0823,0.3214,125.92,31730.8,0.4473
95,Campbell-Clark,SEO,34049,2782,894,0.0817,0.3216,176.98,158224,0.4561
96,Harris-Walters,SEO,28420,2523,920,0.0888,0.3649,213.73,196630,0.6753
97,Wagner-King,SEO,10662,950,308,0.0892,0.325,150.9,46478.1,0.4866
98,Davis Group,SEO,28055,1952,612,0.0696,0.314,104.96,64238.4,0.6544
99,Williams-Cook,SEO,16455,1233,489,0.075,0.397,215.32,105291,0.4224
100,Walsh LLC,SEO,7391,556,182,0.0753,0.3284,218.88,39836.3,0.5284
101,Figueroa PLC,SEO,38797,1681,585,0.0433,0.3483,195.81,114547,0.4627
102,"Patterson, Smith and Jones",SEO,10143,519,197,0.0512,0.3812,92.51,18224.7,0.5511
103,"Mckee, Gardner and Davenport",SEO,27184,1617,521,0.0595,0.3223,105.04,54728.4,0.5855
104,"Tran, Jordan and Williams",SEO,12957,1110,455,0.0857,0.4099,106.68,48537.8,0.442
105,Nolan-Flynn,SEO,31876,1570,464,0.0493,0.2958,155.11,71972.5,0.634
106,Nolan and Sons,SEO,27065,2017,665,0.0746,0.3298,92.52,61525.7,0.5895
107,"Wright, Garcia and Deleon",SEO,32387,2521,834,0.0779,0.331,190.18,158611,0.6095
108,Dickson-Brady,SEO,39190,3369,1175,0.086,0.3488,125.4,147346,0.4204
109,Hancock and Sons,SEO,5739,386,110,0.0673,0.285,182.73,20100.8,0.4998
110,Johnson-Doyle,SEO,29394,2439,819,0.083,0.3358,177.25,145170,0.6403
111,Patton-Jenkins,SEO,22714,940,381,0.0414,0.4058,151.15,57589.4,0.5565
112,"Shields, Cochran and Adams",SEO,10909,735,248,0.0675,0.3376,90.05,22332.3,0.458
113,"Rodriguez, Brennan and Garrison",SEO,25283,1570,632,0.0621,0.403,218.47,138073,0.6117
114,Gonzalez Group,SEO,37158,2003,786,0.0539,0.3927,135.08,106169,0.4804
115,Torres-Pope,SEO,16769,1453,440,0.0867,0.3035,96.63,42517.7,0.6776
116,Walker Ltd,SEO,12155,1046,373,0.0861,0.3573,180.71,67403.1,0.5259
117,Ross LLC,SEO,15286,746,305,0.0488,0.4088,189.42,57774.4,0.6608
118,Rasmussen LLC,SEO,4178,194,68,0.0465,0.3543,148.66,10108.9,0.6209
119,May-Ross,SEO,27257,1362,508,0.05,0.373,176.92,89874.8,0.6424
120,"Rivera, Johnson and Wiley",SEO,4797,286,103,0.0598,0.3626,135.09,13914.2,0.6062
121,White-Estes,SEO,10550,621,188,0.0589,0.3038,162.74,30595.9,0.4824
122,Johnson-Carlson,SEO,3711,176,69,0.0475,0.3959,214.59,14806.6,0.6376
123,Chandler-Edwards,SEO,10464,755,232,0.0722,0.308,176.31,40904,0.5161
124,"Joyce, Wilson and Lam",SEO,17598,1253,467,0.0712,0.3733,97.53,45546.2,0.4289
125,Scott Ltd,SEO,14351,1106,456,0.0771,0.4123,126.57,57713.8,0.472
126,Smith-Frost,SEO,9970,854,304,0.0857,0.3571,179.5,54568.9,0.6101
127,"Mcdaniel, Bentley and Mclaughlin",SEO,19099,1067,430,0.0559,0.4035,173.77,74721.6,0.6173
128,Diaz Inc,SEO,13670,575,198,0.0421,0.346,199.85,39570,0.6685
129,"Mccall, Hanson and Alvarado",SEO,30187,1720,611,0.057,0.3555,93.99,57429.4,0.5356
130,Cortez LLC,SEO,22297,1962,649,0.088,0.3312,103.46,67144.7,0.5461
131,"Parker, Ortiz and Powell",SEO,12076,838,346,0.0695,0.4136,122.41,42354.8,0.5371
132,Spencer-Lee,SEO,11307,509,195,0.045,0.384,146.83,28632.3,0.4954
133,"Bentley, Byrd and Orr",SEO,35388,1869,559,0.0528,0.2995,177.53,99238.5,0.4316
134,"Carroll, Sullivan and Bass",SEO,37928,2250,779,0.0593,0.3464,202.23,157535,0.4224
135,Mitchell-Jordan,SEO,33425,1917,675,0.0574,0.3523,117.99,79640.8,0.6269
136,"Lawson, Morris and Ramos",SEO,8000,422,151,0.0529,0.358,167.4,25277.6,0.5719
137,"Lewis, Kennedy and Santana",SEO,33512,2846,1147,0.0849,0.4033,182.95,209841,0.499
138,"Jackson, Miller and Robertson",SEO,23289,1516,512,0.0651,0.3383,182.1,93232.8,0.5388
139,"Harvey, Davis and Crane",SEO,5152,365,149,0.071,0.4109,118.8,17701.6,0.6064
140,Chambers and Sons,SEO,12600,764,316,0.0607,0.4141,182.39,57634.6,0.5337
141,Hernandez Inc,SEO,29215,2556,862,0.0875,0.3375,207.49,178855,0.5498
142,Riggs PLC,SEO,27285,1648,468,0.0604,0.2844,209,97810,0.5349
143,Gibson Ltd,SEO,23985,1855,682,0.0773,0.3681,141.89,96770.8,0.5599
144,"Lee, Horton and Snyder",SEO,34680,2210,618,0.0637,0.2801,189.21,116930,0.4515
145,Hernandez Ltd,SEO,8892,411,129,0.0463,0.3159,196.33,25327.2,0.4984
146,Stafford Inc,SEO,13178,1105,446,0.0839,0.4042,149.91,66858.1,0.4832
147,Robinson-Brock,SEO,24994,1542,480,0.0617,0.3113,122.58,58838,0.5037
148,"Holmes, Williams and Wright",SEO,38503,3172,895,0.0824,0.2822,94.02,84147.5,0.5294
149,Bryant Group,SEO,12779,1099,347,0.086,0.3158,153.84,53381.2,0.5258
150,"Schmidt, Hansen and Stewart",SEO,22683,1176,476,0.0519,0.4051,172.12,81929,0.6415
151,Salazar-Ball,SEO,17211,1034,402,0.0601,0.3891,141.44,56857.3,0.4924
152,"Simmons, Meadows and Griffin",SEO,16331,1126,448,0.069,0.3985,160.91,72088.7,0.4211
153,Manning Group,SEO,39145,3204,1295,0.0819,0.4043,100.19,129742,0.5051
154,Green-Wright,SEO,8226,630,228,0.0766,0.3633,149,33972,0.4337
155,"Ramirez, Strickland and Washington",SEO,20019,1264,463,0.0632,0.3666,206.04,95397.7,0.5684
156,Hill Inc,SEO,19182,952,357,0.0497,0.3758,136.4,48693.2,0.4863
157,"Mitchell, Nelson and Flores",SEO,38061,2930,1167,0.077,0.3985,133.92,156286,0.4707
158,"Miller, Hernandez and Reyes",SEO,14434,1124,443,0.0779,0.3942,104.41,46252.3,0.6152
159,Mccarthy Inc,SEO,8948,606,185,0.0678,0.3056,162.31,30027.5,0.6389
160,Russell-Daniels,SEO,17749,900,351,0.0507,0.3907,113.15,39714.9,0.4707
161,Brown-Wall,SEO,6681,347,108,0.0521,0.314,219.66,23722.8,0.5355
162,Stein-Silva,SEO,25591,1143,454,0.0447,0.3978,178.63,81097.9,0.5915
163,"Smith, Gilmore and Johnston",SEO,11089,891,252,0.0804,0.2838,103.11,25984,0.5474
164,Smith-Bell,SEO,7182,542,222,0.0755,0.4102,132.68,29455,0.595
165,Castaneda-Ashley,SEO,17812,833,254,0.0468,0.3056,199.61,50700.9,0.4905
166,Medina-Navarro,SEO,10217,568,185,0.0556,0.3261,117.52,21741.2,0.5606
167,"Hurst, Freeman and Nelson",SEO,16237,907,350,0.0559,0.3861,201.77,70621.2,0.6435
168,Johnson-Rogers,SEO,20638,1718,672,0.0833,0.3913,211.83,142350,0.5388
169,"Yates, Ramsey and Pittman",SEO,6138,411,162,0.0671,0.3956,158.37,25655.3,0.6425
170,Hooper PLC,SEO,12353,976,375,0.079,0.3843,192.32,72121.3,0.533
171,Meadows PLC,SEO,32300,2649,996,0.082,0.3763,190.53,189769,0.5693
172,"Alvarado, Miller and Patterson",SEO,26073,1363,480,0.0523,0.3527,159.47,76546.1,0.6337
173,White-Green,SEO,8714,412,160,0.0474,0.3889,218.59,34974.6,0.6281
174,Lewis-Murphy,SEO,26801,2375,698,0.0886,0.2942,161.52,112742,0.5933
175,Ramirez-Bean,SEO,34662,2072,679,0.0598,0.3277,204.76,139030,0.6617
176,King-Miller,SEO,9534,515,215,0.0541,0.4187,95.12,20449.9,0.6523
177,Curry Inc,SEO,21912,1783,706,0.0814,0.3961,179.16,126485,0.6035
178,Walker-Jones,SEO,3616,264,94,0.0731,0.358,120.47,11323.8,0.6157
179,"Williams, Johnson and Wright",SEO,22300,1171,456,0.0525,0.3896,193.87,88405.3,0.6617
180,Howell and Sons,SEO,11135,845,296,0.0759,0.3513,91.02,26941.3,0.6066
181,Wells Inc,SEO,31412,2375,853,0.0756,0.3594,141.07,120332,0.4429
182,"Gould, Marshall and Scott",SEO,12485,555,210,0.0445,0.3798,103.2,21671.2,0.6011
183,Jackson-Lawson,SEO,35909,2348,906,0.0654,0.3861,169.19,153282,0.4439
184,"Higgins, Strickland and Martin",SEO,25959,2291,919,0.0883,0.4013,207.68,190858,0.6003
185,Rodriguez-Johnson,SEO,39936,3393,1045,0.085,0.3082,199.93,208922,0.653
186,Johnston-Odonnell,SEO,25171,1534,503,0.061,0.3283,180.21,90644.9,0.5319
187,Sanders-Espinoza,SEO,38131,1851,597,0.0486,0.3228,164.55,98237.4,0.4638
188,Vargas Ltd,SEO,15058,1077,322,0.0716,0.2996,201.03,64730.6,0.5731
189,Garcia LLC,SEO,13278,811,327,0.0611,0.4043,96.42,31529.9,0.5306
190,"Burke, Martinez and Riggs",SEO,13579,586,168,0.0432,0.2878,209.05,35120.5,0.5736
191,Reed Group,SEO,17044,788,286,0.0462,0.364,140.42,40161.1,0.5301
192,"Wood, Hunter and Peterson",SEO,31485,1835,566,0.0583,0.3086,92.24,52206.7,0.4955
193,Short-Garcia,SEO,17417,717,231,0.0412,0.3233,122.87,28382.7,0.659
194,Reid-Poole,SEO,29633,2041,831,0.0689,0.4074,163,135451,0.5879
195,"Hernandez, Thompson and Boyd",SEO,24756,2017,572,0.0815,0.2839,143.7,82194,0.5991
196,"Nelson, Morton and Medina",SEO,31968,1308,432,0.0409,0.3308,125.94,54406.6,0.4759
197,Marshall-Petersen,SEO,31635,1799,677,0.0569,0.3765,199.37,134976,0.5041
198,"Adams, Christian and Rivas",SEO,14908,993,344,0.0667,0.3471,131.94,45387.8,0.5664
199,Ramirez Group,SEO,11892,725,301,0.061,0.4153,93.72,28209.2,0.5543
200,Christensen PLC,SEO,32584,1469,450,0.0451,0.307,134.37,60464.3,0.5783
201,"Barnett, Rogers and Snyder",SEO,5636,237,73,0.0421,0.3115,143.72,10491.3,0.5905
202,White-Lewis,SEO,14270,999,328,0.07,0.3286,90.19,29581.3,0.5108
203,Peterson-Beard,SEO,9968,773,287,0.0776,0.372,153.5,44055.2,0.6326
204,"Beard, Peters and Black",SEO,5042,272,111,0.054,0.4082,218.01,24198.6,0.4866
205,Miller Ltd,SEO,37625,1815,628,0.0482,0.3464,129.73,81470.1,0.5772
206,Freeman-Chang,SEO,30270,2393,822,0.0791,0.3436,124.24,102126,0.6505
207,"Alvarez, Joseph and West",SEO,8655,407,160,0.0471,0.3944,177.99,28477.6,0.6176
208,Davis and Sons,SEO,35582,1997,575,0.0561,0.2881,120.96,69554.6,0.544
209,Holt-Torres,SEO,29189,1963,550,0.0673,0.2804,108.18,59497.5,0.6282
210,"Wood, Tran and Cooper",SEO,14006,1251,517,0.0893,0.4136,152.35,78763.4,0.6335
211,"Pierce, Bell and Chavez",SEO,9025,809,237,0.0896,0.2932,207.83,49256.4,0.6539
212,King-Martinez,SEO,18359,966,303,0.0526,0.3146,174.03,52729.9,0.5771
213,Stewart Ltd,SEO,36208,1977,640,0.0546,0.3239,193.11,123592,0.5273
214,"Tapia, Vaughn and Lee",SEO,23609,1732,512,0.0734,0.2958,175.67,89944.9,0.5298
215,"Washington, Hardy and Bray",SEO,9918,727,217,0.0734,0.2995,181.18,39316.6,0.5472
216,"Carlson, Hooper and Wall",SEO,20800,1213,465,0.0583,0.384,107.77,50112.3,0.6719
217,Perez-White,SEO,28648,1846,765,0.0645,0.4147,160.77,122993,0.6483
218,Erickson and Sons,SEO,18095,1166,403,0.0645,0.3462,210.69,84909.7,0.4247
219,Williams-Brown,SEO,26795,1514,442,0.0565,0.292,150.19,66383.6,0.5662
220,Terry-Martinez,SEO,4847,326,107,0.0674,0.3293,146.87,15714.8,0.4341
221,Garcia-Smith,SEO,5155,408,115,0.0792,0.2842,133.46,15348.4,0.4669
222,Harrison-Alexander,SEO,25842,1828,562,0.0708,0.3075,138.27,77710.3,0.6356
223,Sheppard LLC,SEO,16586,1280,447,0.0772,0.3499,140.11,62631,0.4855
224,Wilson-Jones,SEO,21810,966,280,0.0443,0.2899,119.62,33494.3,0.4561
225,Jones-Soto,SEO,18680,861,348,0.0461,0.4052,132.68,46172.6,0.6202
226,Hernandez PLC,SEO,29826,2058,727,0.069,0.3534,112.79,81998,0.6282
227,Miller-Wright,SEO,25251,2085,592,0.0826,0.2841,106.52,63058.8,0.4224
228,"Duran, Obrien and Gibbs",SEO,13931,1221,381,0.0877,0.3128,177.64,67681,0.5094
229,Rowe Group,SEO,24499,1276,453,0.0521,0.3555,199.05,90167.9,0.5034
230,Kerr-Evans,SEO,34394,1746,677,0.0508,0.3883,214.14,144971,0.6721
231,"Branch, Torres and Oliver",SEO,25956,1972,616,0.076,0.3126,104.24,64209.6,0.5282
232,"Choi, Garcia and Farmer",SEO,5000,346,107,0.0692,0.3099,138.75,14846.1,0.5577
233,"Clark, Guerrero and Moore",SEO,10045,691,240,0.0688,0.3477,93.83,22519,0.4426
234,Arnold and Sons,SEO,15890,1147,449,0.0722,0.3917,144.56,64908.1,0.6438
235,Ortiz Ltd,SEO,6290,260,89,0.0414,0.345,184.43,16414.4,0.5213
236,"Harrison, Johnson and Roberts",SEO,26231,1706,672,0.065,0.3942,160.19,107650,0.5613
237,Warner-Gibson,SEO,27103,1280,522,0.0472,0.4085,174.82,91257.2,0.4707
238,"Hall, Baker and Moody",SEO,14097,1190,496,0.0844,0.4176,129.85,64406.5,0.6748
239,"Guerrero, Peck and Coleman",SEO,32419,1317,416,0.0406,0.3163,214.87,89387.4,0.5694
240,"Walker, Hernandez and Baker",SEO,35062,2307,901,0.0658,0.3906,167.78,151169,0.5038
241,Jones and Sons,SEO,9186,482,150,0.0526,0.3125,112.96,16944.7,0.4272
242,Larson-Holloway,SEO,19967,1370,520,0.0686,0.3801,90.22,46916.1,0.5225
243,Gonzales-Harrison,SEO,20817,846,251,0.0407,0.2967,204.32,51284.4,0.6341
244,Lyons-Bender,SEO,35717,2851,1134,0.0798,0.3979,173.97,197285,0.5139
245,"Fernandez, Kim and George",SEO,16190,987,345,0.061,0.3498,109.21,37676.1,0.5141
246,Navarro-Munoz,SEO,13410,831,280,0.062,0.3379,97.5,27298.8,0.4363
247,Davis Ltd,SEO,17698,1536,590,0.0868,0.3842,109.02,64322.9,0.5038
248,"Matthews, Smith and Hubbard",SEO,11590,809,314,0.0699,0.3888,102.43,32164.1,0.6358
249,Johnston-Hines,SEO,38115,3274,993,0.0859,0.3035,158.91,157802,0.5944
250,Ruiz Ltd,SEO,9276,660,225,0.0712,0.3409,185.41,41717.3,0.4942
251,Moon-White,SEO,34860,2002,676,0.0575,0.3378,142.21,96136.6,0.5162
252,"Graham, Olsen and Costa",SEO,16890,1376,406,0.0815,0.2953,155.69,63208.9,0.6369
253,Bailey-Cook,SEO,16023,1165,474,0.0727,0.4071,96.71,45840.3,0.4486
254,"Garcia, Martin and Jenkins",SEO,38853,2595,800,0.0668,0.3086,91.09,72868.3,0.6365
255,Roberts-Landry,SEO,9119,407,145,0.0447,0.3586,150.73,21856.1,0.6562
256,"Johnson, Miller and King",SEO,39516,3206,1049,0.0812,0.3275,101.26,106222,0.5533
257,Cordova Group,SEO,25899,1129,402,0.0436,0.3562,166.66,66997.9,0.593
258,"Bryan, Smith and Booth",SEO,7134,407,145,0.0572,0.3582,186.22,27001.9,0.4852
259,Gutierrez-Lopez,SEO,34290,2304,932,0.0672,0.4047,148.41,138319,0.6549
260,Dean-Jimenez,SEO,15799,981,399,0.0621,0.407,131.11,52313.1,0.6043
261,Wolf-Harris,SEO,28252,1677,563,0.0594,0.3361,167.32,94202.6,0.5324
262,"Anderson, Roberts and Gilmore",SEO,14608,1214,398,0.0831,0.3281,174.09,69287.8,0.5031
263,Martinez-Dudley,SEO,10466,530,216,0.0507,0.4078,196.99,42549.1,0.4361
264,"Lloyd, Mckinney and Collins",SEO,3175,162,60,0.0512,0.3735,92.18,5530.74,0.6787
265,Tran Inc,SEO,31180,2589,1011,0.083,0.3909,179.62,181595,0.6017
266,Gay Inc,SEO,15152,1301,454,0.0859,0.3491,97.56,44294.5,0.5809
267,Valentine-Holland,SEO,12029,523,175,0.0435,0.3349,176,30800.7,0.507
268,Jimenez Ltd,SEO,5977,469,172,0.0786,0.3679,192.87,33173.9,0.5925
269,Hicks-Hill,SEO,9183,606,206,0.066,0.3409,199.43,41083.6,0.6756
270,Baird-Sanchez,SEO,24099,2160,888,0.0897,0.4114,103.73,92110.6,0.4791
271,"Thomas, Lee and Greene",SEO,14565,977,387,0.0671,0.3968,104.89,40592,0.4394
272,"Suarez, Shields and Hill",SEO,39023,2292,725,0.0587,0.3163,107.74,78108.9,0.4894
273,Morgan-French,SEO,19864,1430,406,0.072,0.2846,167.92,68174.3,0.6252
274,Hoover-Campbell,SEO,22055,1840,534,0.0834,0.2904,216.43,115573,0.6552
275,Monroe-Carpenter,SEO,19150,970,363,0.0507,0.3745,129.36,46956.6,0.4557
276,"Burns, Hernandez and Ryan",SEO,39033,2869,970,0.0735,0.3383,148.9,144429,0.6756
277,Cook-Hines,SEO,36873,2658,806,0.0721,0.3034,142.59,114924,0.5844
278,Gibson-Morris,SEO,25927,1266,462,0.0489,0.365,95.16,43963.4,0.4832
279,Pollard and Sons,SEO,34037,2686,1002,0.0789,0.3733,128.65,128912,0.6051
280,"Reyes, Chase and Jenkins",SEO,12649,578,238,0.0457,0.413,131.39,31270.2,0.4292
281,Garner-Thornton,SEO,33586,1755,606,0.0523,0.3458,189.34,114742,0.6416
282,Hughes-Alvarado,SEO,20851,1865,532,0.0895,0.2858,170.71,90817.2,0.5955
283,"Pollard, Simpson and Johnson",SEO,28525,1524,475,0.0534,0.3119,145.67,69194.3,0.4546
284,"Sanford, Rivera and Garcia",SEO,30775,2473,970,0.0804,0.3926,104.41,101278,0.5082
285,Garcia-Lozano,SEO,3125,241,92,0.0773,0.3826,153.8,14149.8,0.4487
286,Bowen Group,SEO,12214,711,284,0.0582,0.3995,123.31,35018.9,0.4587
287,"Booker, Jones and Harrington",SEO,23045,2042,648,0.0886,0.3177,107.74,69813.9,0.4512
288,Morgan-Schwartz,SEO,32635,1453,481,0.0445,0.3313,160.78,77334.6,0.5709
289,"Miller, Murphy and Craig",SEO,23319,1279,522,0.0549,0.4087,92.21,48133.8,0.5451
290,"James, Stewart and Higgins",SEO,11147,709,286,0.0636,0.404,126.84,36276.9,0.6542
291,Brennan-Johnson,SEO,31173,1255,396,0.0403,0.3159,125.44,49672.3,0.4689
292,Young Ltd,SEO,38424,2508,919,0.0653,0.3666,134.76,123844,0.4646
293,Bright-Francis,SEO,39428,3483,1014,0.0884,0.2914,197.28,200039,0.6038
294,Good-Hodges,SEO,5125,314,97,0.0613,0.3094,195.15,18930,0.4884
295,"Brennan, Wallace and Benson",SEO,7172,629,180,0.0878,0.2873,209.89,37780.5,0.4676
296,Williams Inc,SEO,16247,898,265,0.0553,0.2954,105.49,27954.9,0.6072
297,Howard-Jordan,SEO,15466,629,224,0.0407,0.3569,163.56,36637.7,0.5585
298,Schmidt PLC,SEO,8185,721,205,0.0881,0.2846,198.61,40715.7,0.6471
299,"Sparks, Jackson and Miller",SEO,14736,611,189,0.0415,0.3101,163.35,30873.4,0.6228
300,Harvey-Allen,SEO,16662,1002,311,0.0602,0.3106,216.83,67435.6,0.5955
301,"Thomas, Murray and King",SEO,5104,224,89,0.044,0.4003,192.5,17132.5,0.589
302,Estrada-Nolan,SEO,4659,359,149,0.0772,0.416,205.03,30549.5,0.5664
303,Santana-Byrd,SEO,6350,394,144,0.0621,0.367,114.48,16484.8,0.4303
304,Jones LLC,SEO,14858,928,329,0.0625,0.3547,214.6,70602,0.4215
305,"Evans, Hayden and Vaughn",SEO,23765,1866,616,0.0785,0.3303,105.38,64911.4,0.6426
306,Bruce-Gonzalez,SEO,4392,355,147,0.0809,0.4143,137.07,20149.5,0.4273
307,Castaneda-Rodriguez,SEO,30497,1883,776,0.0618,0.4123,162.27,125924,0.5563
308,Armstrong-Andrews,SEO,36641,2890,1190,0.0789,0.412,135.29,160997,0.5666
309,"Phillips, Spence and Barrett",SEO,7149,634,194,0.0888,0.3064,213.97,41511,0.66
310,Smith-Grimes,SEO,13858,737,266,0.0532,0.3616,122.57,32603,0.6105
311,"Beltran, Lozano and Mcgee",SEO,3847,290,91,0.0754,0.3142,135.43,12324.5,0.489
312,Parsons-Hall,SEO,34217,1890,729,0.0552,0.3861,136.2,99287.9,0.468
313,Robinson-Lee,SEO,28945,2178,713,0.0753,0.3276,193.99,138318,0.5436
314,Byrd-Le,SEO,10928,614,177,0.0563,0.289,103.23,18271,0.4408
315,"Becker, Taylor and Davis",SEO,21351,1180,467,0.0553,0.3965,188.36,87966.4,0.6002
316,"Lucas, Parker and Alexander",SEO,36165,2149,746,0.0594,0.3472,94.4,70421.5,0.4666
317,"Diaz, Anderson and Browning",SEO,17282,1373,429,0.0795,0.3128,167.87,72014.4,0.5417
318,Burgess-Thompson,SEO,8333,615,195,0.0739,0.3184,208.07,40572.8,0.5552
319,Buchanan LLC,SEO,3812,241,84,0.0635,0.349,129.45,10873.5,0.5337
320,"Shaw, Nelson and Martin",SEO,4015,265,92,0.0661,0.3499,113.43,10435.6,0.5975
321,Coffey-Phillips,SEO,18603,1485,581,0.0798,0.3917,96.22,55901.4,0.5302
322,Brock-Mcdonald,SEO,38736,1996,728,0.0515,0.3651,211.12,153694,0.5924
323,Taylor and Sons,SEO,6847,403,115,0.059,0.2856,192.35,22120.7,0.4874
324,"Ramsey, Whitney and Coffey",SEO,37703,1960,618,0.052,0.3156,168.05,103856,0.4767
325,"Diaz, Gibbs and Smith",SEO,28327,1356,405,0.0479,0.2991,187.34,75871.2,0.422
326,"Martinez, Richardson and Curry",SEO,13124,890,323,0.0678,0.363,97.21,31398.6,0.6298
327,Richards-Carson,SEO,13340,781,326,0.0586,0.4175,104.3,34001.8,0.5744
328,Rodriguez-Hall,SEO,25489,2006,724,0.0787,0.3612,204.29,147907,0.4319
329,Harvey PLC,SEO,12699,909,259,0.0716,0.2857,111.4,28851.8,0.5346
330,Herman-Walker,SEO,37995,2682,938,0.0706,0.35,197.09,184874,0.5717
331,Reid Group,SEO,37928,3275,1171,0.0864,0.3576,100,117098,0.4436
332,"Turner, Ortiz and Taylor",SEO,34968,2005,669,0.0574,0.3337,136.54,91346.5,0.6279
333,Torres Group,SEO,6083,410,117,0.0675,0.2872,202.74,23720.3,0.5631
334,Davis PLC,SEO,36831,2169,706,0.0589,0.3255,117.29,82805.8,0.4427
335,Price LLC,SEO,18403,1654,588,0.0899,0.3556,208.48,122585,0.6785
336,"Avery, Horton and Fernandez",SEO,14044,876,247,0.0624,0.2824,213.67,52776,0.4746
337,"Newton, Moore and Perry",SEO,10110,455,139,0.0451,0.3056,190.23,26441.7,0.6232
338,Bass PLC,SEO,21365,1330,551,0.0623,0.4145,104.05,57328.9,0.6176
339,Crosby-Ramirez,SEO,19093,1195,346,0.0626,0.2898,140.92,48759.1,0.5226
340,"Wood, Ramos and Sampson",SEO,15243,822,256,0.0539,0.3121,127.1,32538.3,0.5585
341,Garcia-Jennings,SEO,35080,1848,571,0.0527,0.3091,217.54,124216,0.5857
342,"Winters, Newman and Brown",SEO,36245,2440,945,0.0673,0.3877,212.09,200427,0.4468
343,Lopez-Martinez,SEO,17490,906,337,0.0519,0.373,98.93,33339.7,0.4708
344,Davis-Lewis,SEO,24052,1731,591,0.072,0.3416,219.66,129818,0.5563
345,"Harper, Smith and Buchanan",SEO,24337,1022,383,0.042,0.375,167.36,64097.8,0.5663
346,Zhang PLC,SEO,24682,1929,713,0.0782,0.3697,218.11,155515,0.6783
347,Jones PLC,SEO,34957,1879,621,0.0538,0.3308,168.87,104869,0.4984
348,Willis and Sons,SEO,7932,639,255,0.0806,0.4001,90.66,23117.2,0.4902
349,Schroeder-Kramer,SEO,32775,2626,1013,0.0801,0.386,183.38,185761,0.4428
350,"Smith, Garrison and Thomas",SEO,32419,2024,630,0.0624,0.3115,98.51,62062.2,0.5168
351,Fernandez and Sons,PPC,46926,1062,328,0.0226,0.3092,109.08,35777.6,0.2796
352,Guerrero Inc,PPC,31496,776,230,0.0246,0.297,92.98,21384.4,0.3452
353,Smith and Sons,PPC,67601,2075,502,0.0307,0.2422,67.61,33938.7,0.2401
354,"Morris, Thompson and Williams",PPC,30589,550,138,0.018,0.252,74.86,10330.5,0.3009
355,"Fisher, Wilson and Brown",PPC,26476,642,118,0.0243,0.1842,76.14,8984.63,0.4077
356,Strickland-Palmer,PPC,56990,994,257,0.0175,0.2587,96.48,24794.4,0.3916
357,Hayes and Sons,PPC,67270,2074,389,0.0308,0.188,60.41,23497.8,0.2721
358,"Williams, Logan and Camacho",PPC,25975,756,220,0.0291,0.292,69.58,15307.8,0.3822
359,"Turner, Schneider and Johnson",PPC,108509,2723,784,0.0251,0.2883,67.15,52644.3,0.3691
360,Boone-Simmons,PPC,94033,1737,495,0.0185,0.2854,103.01,50990.6,0.3429
361,Henry Group,PPC,62674,1883,406,0.0301,0.216,71.55,29049.9,0.3064
362,Lam LLC,PPC,24197,826,209,0.0342,0.2539,48,10032.9,0.3833
363,"Hernandez, Martinez and Weber",PPC,25700,423,83,0.0165,0.1976,45.77,3799.23,0.3446
364,"Kelley, Nguyen and Vang",PPC,89335,1638,419,0.0183,0.2559,69.83,29256.9,0.2343
365,"Phillips, Wagner and Jordan",PPC,47966,1424,320,0.0297,0.2254,64.25,20558.6,0.2535
366,"Wilson, Pena and Rich",PPC,57467,1288,350,0.0224,0.2724,92.69,32442.1,0.3589
367,"Le, Lewis and Hayes",PPC,24619,410,118,0.0167,0.2899,65.45,7722.85,0.2532
368,Gutierrez Group,PPC,40670,1329,351,0.0327,0.2643,79.24,27812.5,0.3592
369,Perry-Davis,PPC,39895,1305,408,0.0327,0.313,106.95,43636.8,0.3527
370,Edwards-Scott,PPC,31987,748,192,0.0234,0.2575,67.56,12971.1,0.2889
371,Mcdaniel Group,PPC,56136,1419,399,0.0253,0.2819,103.87,41444.1,0.3416
372,Davis Inc,PPC,66725,1934,368,0.029,0.1904,73.06,26885,0.304
373,Reynolds Ltd,PPC,116575,2080,588,0.0178,0.2829,104.2,61268.7,0.3848
374,"Watson, Anderson and Brown",PPC,52471,982,222,0.0187,0.2265,77.84,17281.4,0.243
375,"Hoffman, Santiago and Jenkins",PPC,108800,2033,616,0.0187,0.3032,87.87,54130.5,0.2656
376,"Pugh, Henderson and Moon",PPC,27338,712,181,0.0261,0.2547,49.46,8951.91,0.4056
377,Schmitt PLC,PPC,21173,378,93,0.0179,0.2466,96.55,8979.21,0.299
378,Bell-Lane,PPC,118764,3381,949,0.0285,0.2807,50.77,48182.3,0.2957
379,Moore Group,PPC,75036,2191,509,0.0292,0.2325,101.63,51731.6,0.3742
380,Boone LLC,PPC,107677,3763,1169,0.035,0.3107,84.63,98932.1,0.3409
381,"Richardson, Farmer and Andrews",PPC,52949,1211,255,0.0229,0.211,47.6,12137.4,0.4169
382,Bruce-Villegas,PPC,84854,2346,487,0.0277,0.2077,53.73,26165.6,0.3937
383,"Austin, Day and Johnson",PPC,23629,557,125,0.0236,0.2259,92.68,11584.8,0.3902
384,"Gallegos, Adams and White",PPC,60418,1981,596,0.0328,0.3012,47.73,28449.2,0.3343
385,"Farmer, Dorsey and Bell",PPC,62334,1013,311,0.0163,0.3071,61.21,19035.3,0.2385
386,Kane PLC,PPC,62243,2039,631,0.0328,0.3097,52.14,32901.5,0.3946
387,"Morales, Thomas and Schultz",PPC,34920,1122,226,0.0321,0.2023,92.7,20950.4,0.2667
388,Davis PLC,PPC,35934,813,234,0.0226,0.2889,102.92,24083.6,0.3001
389,Bennett Group,PPC,114514,2504,640,0.0219,0.2558,96.97,62062.9,0.2881
390,Moore-Collins,PPC,43310,1124,332,0.026,0.2956,49.56,16452.5,0.2578
391,Frank-Bradley,PPC,38578,1033,297,0.0268,0.2875,52.43,15571.5,0.2945
392,Ware and Sons,PPC,25535,703,181,0.0276,0.2584,68.42,12383.7,0.2358
393,Webster Inc,PPC,18881,627,158,0.0332,0.2533,72.5,11454.7,0.3642
394,"Miller, Ramos and Coleman",PPC,64218,1029,327,0.016,0.3184,82.39,26940.4,0.3457
395,"Ramos, Nelson and Fischer",PPC,90021,2017,621,0.0224,0.308,78.02,48447.9,0.2929
396,Reed Inc,PPC,105265,3431,714,0.0326,0.2084,71.73,51218.7,0.2942
397,Gregory-Watkins,PPC,52760,1814,390,0.0344,0.2153,60.72,23679.2,0.2912
398,"Estrada, Williams and Foster",PPC,101248,1708,309,0.0169,0.1814,68.14,21055.3,0.3391
399,"Brown, Harris and Dougherty",PPC,60279,1985,631,0.0329,0.318,57.7,36410.9,0.347
400,Duran LLC,PPC,17029,295,93,0.0174,0.3162,75.97,7065.05,0.2997
401,Wilson-Jimenez,PPC,76918,2448,557,0.0318,0.2276,72.2,40214.8,0.274
402,Thompson-James,PPC,100765,3026,826,0.03,0.273,50.64,41831.1,0.2536
403,"Hall, Hansen and Barnett",PPC,89884,1687,380,0.0188,0.2255,104.85,39843.1,0.3194
404,Jones-Hensley,PPC,29167,812,213,0.0278,0.2628,95.32,20302.9,0.3612
405,Graham Group,PPC,52405,1657,453,0.0316,0.2737,93.16,42200.4,0.2903
406,Atkins PLC,PPC,106201,3551,1062,0.0334,0.2993,56.27,59758,0.3951
407,Berry-Mckinney,PPC,111970,1759,412,0.0157,0.2344,108.94,44885.1,0.321
408,Roberts-Sullivan,PPC,49338,1293,263,0.0262,0.2039,63.65,16740,0.3059
409,Jackson-Meza,PPC,92378,2670,699,0.0289,0.2619,45.06,31498.5,0.233
410,Collier-Gillespie,PPC,97059,1988,584,0.0205,0.294,47.31,27629.8,0.2964
411,Kim Inc,PPC,60296,1259,281,0.0209,0.2234,48.05,13502.2,0.3867
412,Graham Group,PPC,41544,1112,343,0.0268,0.3086,46.94,16099.5,0.3892
413,"Miller, Harrell and Reese",PPC,86086,1707,361,0.0198,0.2116,54.99,19853,0.3958
414,Cook and Sons,PPC,93991,2265,606,0.0241,0.2678,88.79,53803.9,0.3804
415,Dixon Inc,PPC,18365,299,57,0.0163,0.1908,52.36,2984.67,0.3845
416,"Hicks, Bullock and Bailey",PPC,38767,628,200,0.0162,0.3197,55.48,11096.7,0.2253
417,"Mullen, Brewer and Hernandez",PPC,49774,1624,472,0.0326,0.2908,81.24,38345,0.368
418,Thomas and Sons,PPC,19609,574,167,0.0293,0.2911,84.82,14164.3,0.2829
419,Morrison Ltd,PPC,98499,2291,669,0.0233,0.2921,65.64,43914.4,0.4137
420,Thompson Ltd,PPC,67856,1415,414,0.0209,0.2926,86.07,35633.7,0.2726
421,Marshall-Elliott,PPC,23573,526,111,0.0223,0.2114,72.93,8095.38,0.4154
422,"Cole, Glass and Cunningham",PPC,57190,1206,369,0.0211,0.3063,61.98,22870.2,0.362
423,"Downs, Morris and Maddox",PPC,74328,2226,477,0.0299,0.2144,66.34,31645.2,0.2856
424,Hernandez-Jones,PPC,71350,2358,745,0.0331,0.3161,53.79,40075.4,0.2663
425,Welch-Hogan,PPC,66349,1365,273,0.0206,0.2006,56.22,15348.1,0.3242
426,"Brown, Romero and Collins",PPC,93953,3109,862,0.0331,0.2775,84.61,72930,0.3527
427,Johnson-Wood,PPC,107159,2426,559,0.0226,0.2307,96.66,54030.3,0.3029
428,Jones-Lin,PPC,26064,666,130,0.0256,0.1963,94.69,12310,0.3177
429,Gilbert PLC,PPC,107277,3414,1022,0.0318,0.2995,89.05,91005.1,0.3025
430,Ford-Spencer,PPC,52504,840,183,0.016,0.2182,104.09,19048.9,0.3762
431,"Huang, Cole and Pacheco",PPC,49095,1298,274,0.0264,0.2112,100.23,27462.5,0.3956
432,"Lopez, Jacobs and Mason",PPC,89537,3043,721,0.034,0.2371,108.37,78136.4,0.2767
433,Hayes LLC,PPC,37645,1050,328,0.0279,0.313,85.29,27973.9,0.2823
434,"Miller, Lucas and Williams",PPC,45031,1112,210,0.0247,0.1889,78.23,16428,0.2303
435,"Kim, Gonzales and Mills",PPC,106999,2813,871,0.0263,0.3098,47.15,41068.6,0.4039
436,Cox LLC,PPC,115171,2028,588,0.0176,0.2901,102.3,60153.9,0.3804
437,Ortiz-Morgan,PPC,77616,1545,352,0.0199,0.2284,100.13,35245,0.3367
438,"Williams, Mccoy and Cook",PPC,75277,1762,444,0.0234,0.2522,82.22,36505.2,0.229
439,Davis-Gregory,PPC,54531,1852,522,0.034,0.2822,90.92,47460.2,0.3881
440,King-York,PPC,115673,3103,569,0.0268,0.1836,101.92,57994.8,0.2467
441,"Marks, Cook and Aguilar",PPC,53014,1244,361,0.0235,0.2902,96.07,34682.5,0.3202
442,Rangel LLC,PPC,64864,1602,410,0.0247,0.2564,101.39,41567.9,0.3021
443,"Hale, Myers and Larson",PPC,31635,637,156,0.0202,0.2464,85.68,13366,0.3108
444,Collins Group,PPC,64251,1747,445,0.0272,0.255,47.63,21195.4,0.2792
445,"Conner, Li and Santiago",PPC,50383,1135,226,0.0225,0.1998,62.93,14222.7,0.2879
446,"Osborn, Gaines and Davis",PPC,51825,1502,362,0.029,0.2414,77.17,27936.8,0.2841
447,"Henderson, Cox and Cox",PPC,118440,1854,525,0.0157,0.2832,58.78,30859.6,0.4049
448,Bean LLC,PPC,65242,1850,538,0.0284,0.2911,87.94,47311.2,0.399
449,Lee-Cooke,PPC,19639,449,117,0.0229,0.2619,56.17,6571.95,0.3323
450,Jones Inc,PPC,72143,1208,307,0.0167,0.2544,94.16,28906.8,0.2453
451,"Wise, Conley and Stephenson",PPC,23705,733,198,0.0309,0.271,69.62,13785.5,0.2606
452,Stanley PLC,PPC,69333,2033,412,0.0293,0.203,55.15,22722.5,0.4036
453,Harper and Sons,PPC,110026,1975,462,0.018,0.2343,83.34,38504.8,0.3027
454,White Ltd,PPC,87625,2600,716,0.0297,0.2757,60.39,43241.4,0.323
455,"Lamb, Martin and Kim",PPC,101318,1528,456,0.0151,0.2989,65.15,29710,0.262
456,Diaz-Ball,PPC,53537,982,197,0.0183,0.2009,63.99,12605.8,0.367
457,Bishop-Goodwin,PPC,61062,1900,446,0.0311,0.2348,51.64,23029.4,0.4028
458,Young-Allen,PPC,55173,1535,283,0.0278,0.1846,47.2,13356.6,0.3011
459,Mckee-Lee,PPC,39585,684,213,0.0173,0.3125,96.55,20565.8,0.3508
460,"Valentine, Joyce and Murray",PPC,82661,1332,309,0.0161,0.232,93.21,28801.6,0.3352
461,Strickland-Shaw,PPC,92653,2515,507,0.0271,0.2018,54.14,27449.6,0.2581
462,Burch-Montoya,PPC,97484,3381,695,0.0347,0.2057,99.42,69095.2,0.3174
463,"Taylor, Wright and Davidson",PPC,111085,2088,544,0.0188,0.2609,92.53,50335.4,0.3476
464,Spencer-Garcia,PPC,86545,2731,726,0.0316,0.2658,73.89,53641.3,0.2273
465,"Rosales, Mitchell and Hines",PPC,112578,2669,752,0.0237,0.2821,92.97,69913.2,0.3275
466,Cole-Palmer,PPC,39478,1219,352,0.0309,0.289,66,23232.2,0.2567
467,Davis-Lozano,PPC,93800,1540,392,0.0164,0.2547,86.38,33860.7,0.415
468,Wilkerson-Arias,PPC,38414,1014,203,0.0264,0.2003,53.92,10946,0.4173
469,Brown-Shaw,PPC,49014,1523,292,0.0311,0.1919,78.95,23052.5,0.3021
470,Hughes Inc,PPC,94997,1986,408,0.0209,0.2058,86.22,35179,0.2452
471,Walker-Flores,PPC,44604,1255,358,0.0281,0.2853,84.61,30289.8,0.3788
472,Combs Ltd,PPC,111755,1915,594,0.0171,0.3103,94.68,56241.6,0.2499
473,Moody-Taylor,PPC,93991,2576,574,0.0274,0.2231,51.61,29623.2,0.4104
474,Lowery-Kennedy,PPC,93632,2635,700,0.0281,0.2659,108.7,76091.6,0.3941
475,Blake Group,PPC,67825,1503,322,0.0222,0.2147,109.88,35380.1,0.2655
476,Gilbert-Bullock,PPC,108678,2822,509,0.026,0.1804,86.02,43782.8,0.3866
477,Scott and Sons,PPC,66443,1593,362,0.024,0.2278,61.06,22102.8,0.3938
478,"Bentley, Lynch and Henderson",PPC,28812,663,137,0.023,0.2075,93.92,12867.4,0.3955
479,Young-Martinez,PPC,17361,453,136,0.0261,0.3005,63.62,8652.57,0.2765
480,Barnes PLC,PPC,56304,978,182,0.0174,0.187,79.98,14555.7,0.2644
481,Brown-Copeland,PPC,79233,1298,358,0.0164,0.276,88.85,31809.5,0.2555
482,Carlson-Smith,PPC,103563,2894,592,0.028,0.2047,106.44,63015.1,0.3926
483,"Andrews, Higgins and Carter",PPC,80714,2604,533,0.0323,0.2049,47.15,25132.2,0.2645
484,Mendez and Sons,PPC,107346,2663,823,0.0248,0.3091,84.1,69212.3,0.3735
485,"Butler, Beck and Miller",PPC,94489,2525,797,0.0267,0.3158,91.44,72878.7,0.2989
486,Jones-Fox,PPC,98694,2740,837,0.0278,0.3055,94.49,79086.5,0.3648
487,"Hartman, Romero and Smith",PPC,114045,3598,813,0.0316,0.226,76.36,62081.1,0.2813
488,Williams-Hughes,PPC,103015,3111,578,0.0302,0.186,51.32,29663.2,0.2353
489,King-Smith,PPC,88121,1711,450,0.0194,0.2632,91.08,40985.8,0.3348
490,Cooper Ltd,PPC,40198,616,168,0.0153,0.273,86.62,14551.5,0.3808
491,"Fuller, Ingram and Moss",PPC,21061,644,168,0.0306,0.2612,96.41,16197.6,0.3837
492,Anderson-Bell,PPC,116258,3382,1027,0.0291,0.3038,66.66,68457.8,0.3281
493,Li-Thompson,PPC,75280,1342,422,0.0178,0.315,65.51,27644.4,0.3912
494,"Marshall, Dominguez and Welch",PPC,44833,1070,197,0.0239,0.185,74.1,14598.2,0.3331
495,Brown Group,PPC,66366,1195,348,0.018,0.2912,56.81,19768.7,0.4035
496,Carter Inc,PPC,107165,2343,580,0.0219,0.2477,109.4,63449.2,0.275
497,Blackwell LLC,PPC,45937,1543,288,0.0336,0.1869,100.41,28919.2,0.4076
498,Robertson-Hays,PPC,75890,2544,558,0.0335,0.2195,63.26,35300.4,0.267
499,"Kennedy, Johnson and Lucas",PPC,26243,695,160,0.0265,0.2311,95.97,15355.4,0.2547
500,Kelly-Norman,PPC,26580,811,197,0.0305,0.2431,81.97,16147.5,0.3331
501,"Rivera, Martinez and Richardson",PPC,27103,934,261,0.0345,0.2798,109.07,28467.2,0.2351
502,Paul-Kline,PPC,101850,1904,545,0.0187,0.2866,94.89,51716.9,0.3366
503,Morgan-Lopez,PPC,114569,3543,833,0.0309,0.2352,52.92,44085.6,0.3282
504,"Jimenez, Glass and Stone",PPC,77793,1377,265,0.0177,0.1928,81.58,21619.7,0.302
505,Acosta Inc,PPC,15631,281,77,0.018,0.2776,105.87,8151.9,0.3229
506,Morrison-Short,PPC,35668,1084,224,0.0304,0.2068,48.29,10816.9,0.3656
507,"Carter, Garcia and Murphy",PPC,73224,2324,640,0.0317,0.2754,52.05,33314.2,0.3587
508,Parker-Morrison,PPC,97312,2523,772,0.0259,0.3063,69.07,53320.2,0.3015
509,Jackson-Wallace,PPC,113305,2296,446,0.0203,0.1946,102.18,45572.1,0.4108
510,Williams-Berg,PPC,23139,794,178,0.0343,0.225,106.51,18959.5,0.3048
511,Mendez-Graham,PPC,87626,2101,433,0.024,0.2064,98.27,42549.4,0.3206
512,"Whitney, Gould and Jones",PPC,119611,3983,1202,0.0333,0.302,45.71,54941.4,0.3823
513,"Sullivan, Palmer and Brady",PPC,66831,2036,448,0.0305,0.2201,60.13,26938.8,0.3973
514,Cisneros and Sons,PPC,23439,619,122,0.0264,0.1978,51.46,6278.43,0.3084
515,"Gregory, Kim and Martinez",PPC,77609,2633,835,0.0339,0.3174,54.46,45472.2,0.3409
516,Osborne LLC,PPC,20330,660,192,0.0325,0.2919,54.83,10527.3,0.2618
517,Reyes-Bradley,PPC,44273,1335,334,0.0302,0.2509,75.22,25122.4,0.2308
518,"Hernandez, Cole and Watson",PPC,89222,2041,513,0.0229,0.2518,80.34,41213.5,0.3104
519,Hines-Berry,PPC,27261,747,144,0.0274,0.1928,53.62,7721.26,0.2395
520,"Richardson, Edwards and Ramirez",PPC,32911,1044,330,0.0317,0.317,80.83,26672.7,0.2554
521,Johnson and Sons,PPC,32674,576,175,0.0177,0.3046,99.58,17425.9,0.4054
522,Holmes-Mcintyre,PPC,93923,1774,475,0.0189,0.2678,105.11,49925,0.4173
523,Green LLC,PPC,116213,1856,488,0.016,0.2634,97.9,47775.6,0.3412
524,"Griffin, Davies and Mitchell",PPC,98143,3103,608,0.0316,0.1962,73.6,44746.2,0.3533
525,Gonzalez-Taylor,PPC,117827,3650,1053,0.031,0.2887,59.9,63078.6,0.2342
526,Hayes Ltd,PPC,69834,1323,290,0.019,0.2194,60.68,17598,0.316
527,Osborn-Cochran,PPC,73675,1865,507,0.0253,0.2722,102.85,52145.1,0.3959
528,Contreras-Mckinney,PPC,93010,1927,425,0.0207,0.2209,93.87,39896,0.3703
529,"Daniels, Vance and York",PPC,51254,986,207,0.0192,0.2104,56.22,11637.1,0.3598
530,"Mckinney, Graves and Thompson",PPC,115576,2062,409,0.0178,0.1984,82.34,33676.1,0.3228
531,Hicks-Martinez,PPC,58949,1815,363,0.0308,0.2003,80.88,29358.6,0.2988
532,Conner and Sons,PPC,71369,2212,523,0.031,0.2367,45.74,23922.1,0.3648
533,Johnson-Spencer,PPC,110632,1933,482,0.0175,0.2496,48.72,23484.8,0.2505
534,Mcdonald-Bird,PPC,18638,367,108,0.0197,0.2956,63.36,6842.66,0.2241
535,Salazar Inc,PPC,54980,895,285,0.0163,0.3185,57.94,16513.7,0.382
536,Parker Ltd,PPC,88357,2956,926,0.0335,0.3134,47.73,44199.8,0.3316
537,"Mendoza, Jenkins and Ortiz",PPC,96191,2156,654,0.0224,0.3034,65.81,43042.1,0.3869
538,"Jones, Compton and Day",PPC,40288,826,213,0.0205,0.2582,75.61,16105.1,0.4184
539,Owens-Holmes,PPC,21631,637,121,0.0295,0.1908,75.61,9148.95,0.3759
540,Humphrey PLC,PPC,93300,3184,661,0.0341,0.2077,55.76,36854.9,0.4036
541,"Matthews, Saunders and Anderson",PPC,55946,1179,265,0.0211,0.2249,71.1,18840.8,0.4067
542,"Bartlett, Brown and Martinez",PPC,64515,1636,365,0.0254,0.2233,109.34,39910.2,0.4153
543,Torres and Sons,PPC,81830,2671,521,0.0326,0.1951,87.54,45607,0.2946
544,Donovan-Perez,PPC,52854,1802,559,0.0341,0.3105,104.64,58493.9,0.3117
545,"Jacobson, Singleton and King",PPC,88068,2807,673,0.0319,0.24,96.5,64944.1,0.2652
546,"Huber, Hill and Weber",PPC,51008,1449,267,0.0284,0.1849,86.2,23015.5,0.2999
547,"Ferguson, Shaw and Jackson",PPC,37184,910,191,0.0245,0.2107,109.17,20851.9,0.2924
548,"Moore, Hopkins and Le",PPC,42652,1096,342,0.0257,0.3125,46.13,15777,0.2828
549,"Morgan, Bradshaw and Williams",PPC,20269,466,95,0.023,0.2053,80.34,7632.17,0.3556
550,Miller Ltd,PPC,58355,1074,252,0.0184,0.2355,97.21,24496.9,0.379
551,"Baker, Clark and Armstrong",PPC,87357,2487,589,0.0285,0.2371,102.28,60240.7,0.2995
552,"Fowler, Jimenez and Burton",PPC,63957,1533,295,0.024,0.1927,59.51,17554.1,0.2227
553,May-Turner,PPC,45040,1269,243,0.0282,0.1916,51.18,12436.7,0.2514
554,Ballard Ltd,PPC,37431,1234,389,0.033,0.3158,78.07,30368.7,0.3494
555,Evans-Jones,PPC,59145,1262,358,0.0213,0.2839,103.15,36927.3,0.3865
556,Moore Group,PPC,60306,2031,478,0.0337,0.2355,94.7,45266.4,0.3764
557,Marshall-Peterson,PPC,81676,1671,502,0.0205,0.3008,78.57,39440.2,0.3816
558,Edwards Ltd,PPC,116209,3436,963,0.0296,0.2804,56.22,54136.7,0.3713
559,Gross-Valencia,PPC,19217,292,81,0.0152,0.2789,104.37,8453.65,0.3891
560,Anderson-Wood,PPC,70903,1411,303,0.0199,0.2151,49.55,15014.7,0.2993
561,"Rodriguez, Allen and Martinez",PPC,43249,759,160,0.0176,0.212,55.4,8863.42,0.3951
562,Wright-Davis,PPC,52589,1543,449,0.0294,0.291,89.51,40188.7,0.2369
563,Dougherty-Lin,PPC,69922,1443,412,0.0206,0.2861,108.4,44661.9,0.2231
564,Wright-Grimes,PPC,71852,1201,322,0.0167,0.2689,72.36,23299.7,0.28
565,Li PLC,PPC,89706,1352,303,0.0151,0.2242,54.06,16378.7,0.3371
566,"Edwards, Hines and Jimenez",PPC,60017,1637,308,0.0273,0.1886,109.96,33868.7,0.2606
567,"Owens, Koch and Jimenez",PPC,33333,971,246,0.0291,0.2537,62,15251,0.3459
568,Landry PLC,PPC,36101,897,240,0.0248,0.2676,78.96,18949.2,0.2264
569,Levy-Lewis,PPC,32080,536,170,0.0167,0.3177,55.14,9374.34,0.3101
570,Williams-Campbell,PPC,42359,1052,290,0.0249,0.2757,85.8,24882.2,0.357
571,"Khan, Pena and Ruiz",PPC,31555,695,181,0.0221,0.2612,93.05,16842.3,0.2851
572,"Smith, Rodriguez and Anderson",PPC,28150,684,156,0.0243,0.2294,52.79,8235.28,0.3287
573,Luna-Gallagher,PPC,21276,661,129,0.0311,0.1955,100.18,12923,0.2846
574,Williams-Williams,PPC,98026,2655,720,0.0271,0.2713,50.46,36328.6,0.3006
575,"Lee, Tran and Jones",PPC,27160,880,221,0.0324,0.2512,77.52,17131.2,0.3633
576,"Cole, Pierce and Bryan",PPC,81845,2590,545,0.0316,0.2105,53.9,29377.3,0.3045
577,"Becker, Wilson and Hester",PPC,109481,2402,492,0.0219,0.2051,72.09,35468.3,0.2234
578,Brooks-Hatfield,PPC,90689,1679,354,0.0185,0.2114,56.68,20066.1,0.2404
579,"Mcmillan, Fischer and Gonzalez",PPC,29222,862,234,0.0295,0.2719,45.75,10704.4,0.3975
580,"Morales, Williams and Williams",PPC,47092,1633,492,0.0347,0.3015,57.3,28190.8,0.4103
581,"Cook, Wells and Bryant",PPC,39885,1013,301,0.0254,0.2973,82.68,24887.2,0.2209
582,"Barry, Taylor and Velazquez",PPC,29790,519,125,0.0174,0.2411,93.13,11640.8,0.4008
583,Martin-Ewing,PPC,99579,2903,691,0.0292,0.2383,67.92,46935.7,0.3095
584,"Kirby, Wheeler and Romero",PPC,40920,1023,279,0.025,0.2736,79.41,22155.4,0.4036
585,"Patel, Erickson and Evans",PPC,95197,1472,339,0.0155,0.2308,57.8,19594.1,0.335
586,Richardson Ltd,PPC,119319,2413,623,0.0202,0.2583,71.74,44691.5,0.3179
587,Whitney PLC,PPC,106992,1784,497,0.0167,0.2789,56.13,27896.7,0.2464
588,Robles-Swanson,PPC,70703,2170,545,0.0307,0.2512,105.74,57626.3,0.4071
589,"Soto, Carlson and Baker",PPC,35051,865,241,0.0247,0.2797,64.9,15640.8,0.3272
590,"Patton, Parsons and Lane",PPC,87335,2714,727,0.0311,0.2682,107.24,77965.2,0.3904
591,"Williams, Castillo and Warren",PPC,87021,1622,395,0.0186,0.2436,50.99,20141.6,0.3572
592,"Harvey, Randall and Hernandez",PPC,80936,2173,520,0.0269,0.2394,108.22,56274.6,0.3288
593,"Allen, Armstrong and Graves",PPC,63510,1422,318,0.0224,0.2243,90.99,28934.2,0.3001
594,Smith LLC,PPC,60921,1092,220,0.0179,0.2016,85.67,18846.8,0.4023
595,Hernandez-Vaughn,PPC,77971,1345,428,0.0173,0.3186,63.1,27008.7,0.2774
596,Shaw-Carr,PPC,43529,882,233,0.0203,0.2643,78.79,18357.3,0.26
597,Salas-Fitzgerald,PPC,51044,1316,278,0.0258,0.2112,100.98,28071.7,0.3675
598,Thornton PLC,PPC,33371,894,207,0.0268,0.2326,87.8,18174.7,0.228
599,Hoffman Ltd,PPC,37376,568,168,0.0152,0.2958,47.18,7925.71,0.3756
600,Fox-Edwards,PPC,85736,2623,693,0.0306,0.2642,82.64,57270.5,0.2602
601,Stevens PLC,Streamer,4151,504,239,0.1215,0.4755,84.27,20140.4,0.4572
602,Payne-Lowe,Streamer,2301,180,79,0.0784,0.4406,121.39,9590,0.4563
603,"Becker, Lara and Baker",Streamer,7079,670,252,0.0947,0.3772,129.19,32555.7,0.4741
604,Lee-Wright,Streamer,2171,148,59,0.0682,0.4034,72.23,4261.81,0.4553
605,"Evans, David and Hendrix",Streamer,3011,238,128,0.079,0.5397,128.87,16495.7,0.5456
606,Bush-Vaughn,Streamer,4950,496,250,0.1004,0.5054,123.85,30963.3,0.5333
607,Stewart-Bailey,Streamer,3247,328,130,0.1011,0.3976,83.39,10841.3,0.4522
608,"Hill, Martinez and Rhodes",Streamer,6687,760,353,0.1138,0.4655,148.5,52420,0.5728
609,Huang-Foster,Streamer,5729,567,202,0.099,0.3578,142.98,28881.4,0.4363
610,Blevins-Ballard,Streamer,2551,219,111,0.0862,0.5099,109.43,12146.5,0.4184
611,Williams-Moses,Streamer,7532,538,270,0.0715,0.5032,144.1,38908.3,0.5345
612,Reed Group,Streamer,2846,394,190,0.1387,0.4844,104.46,19848.3,0.4675
613,"Scott, Mendoza and Harris",Streamer,6487,526,226,0.0812,0.4302,137.89,31162.5,0.4558
614,"Nelson, Hoffman and Nelson",Streamer,7898,699,336,0.0886,0.4809,140.51,47212.8,0.4065
615,Gilbert PLC,Streamer,4589,387,177,0.0845,0.4594,82.5,14603,0.3866
616,Sanchez Ltd,Streamer,2399,162,64,0.0678,0.4006,96.25,6160.05,0.4299
617,"Perez, Hall and Garcia",Streamer,2411,279,111,0.116,0.3996,109.04,12103,0.5639
618,Love-Garcia,Streamer,6115,596,265,0.0975,0.4453,148.93,39465.3,0.4235
619,Smith PLC,Streamer,2211,275,97,0.1247,0.3541,87.62,8498.85,0.445
620,Russell Group,Streamer,4590,371,166,0.0809,0.4486,74.79,12414.7,0.4533
621,Santos-Avila,Streamer,4591,445,226,0.0971,0.5085,109.18,24675,0.3627
622,Morris-Brewer,Streamer,3996,552,228,0.1382,0.4135,135.83,30969.9,0.471
623,Pearson and Sons,Streamer,1995,120,56,0.0606,0.4737,122.38,6853.1,0.5197
624,"Rodgers, Jefferson and Johnson",Streamer,6660,927,421,0.1393,0.4551,88.16,37115.4,0.5719
625,Butler and Sons,Streamer,5524,475,237,0.086,0.5003,123.49,29268.2,0.4849
626,Osborn Group,Streamer,623,47,19,0.0763,0.4227,136.15,2586.8,0.4461
627,Lopez-Curry,Streamer,7253,469,224,0.0648,0.4796,126.57,28350.7,0.5397
628,Mcdowell-Smith,Streamer,5809,349,157,0.0601,0.4525,102.04,16020.9,0.4476
629,"Morrison, Hebert and Rogers",Streamer,7788,526,278,0.0676,0.5303,98.26,27315.6,0.3634
630,Hays-Daniels,Streamer,6920,767,299,0.1108,0.3901,119.52,35737,0.3683
631,Small-Anderson,Streamer,2940,243,116,0.0827,0.4787,91.34,10595.5,0.4418
632,"Mcdonald, Lee and Rodriguez",Streamer,3646,231,116,0.0636,0.5052,112.76,13080.5,0.4615
633,Simon Ltd,Streamer,6285,802,399,0.1277,0.4977,115.48,46076.1,0.4324
634,Higgins-Smith,Streamer,6957,952,482,0.1369,0.5071,106.76,51458.6,0.5664
635,Gibbs-Bradley,Streamer,3706,383,195,0.1035,0.5102,117.73,22957.4,0.4617
636,Thompson Ltd,Streamer,848,108,56,0.1274,0.5217,123.68,6926.19,0.4999
637,Wilcox-Robertson,Streamer,6520,492,187,0.0755,0.3811,130.04,24317.2,0.3662
638,Morales Inc,Streamer,7431,1028,515,0.1385,0.5015,121.48,62563.6,0.471
639,Holden Group,Streamer,1580,202,86,0.1284,0.4282,140.83,12111.8,0.4689
640,Boyle-Smith,Streamer,6974,462,216,0.0663,0.4687,82.32,17781.3,0.3886
641,Young-Molina,Streamer,1458,162,77,0.1115,0.48,158.89,12234.6,0.4656
642,Turner-Sharp,Streamer,1640,196,89,0.1197,0.4571,130.56,11620.1,0.4688
643,Green LLC,Streamer,7673,1042,373,0.1359,0.3583,77.44,28884.8,0.3975
644,"Young, Contreras and Marshall",Streamer,5013,569,292,0.1137,0.5144,121.95,35609.5,0.442
645,Sullivan PLC,Streamer,5099,334,117,0.0656,0.3525,120.47,14094.6,0.4796
646,"Carrillo, Vaughn and Fowler",Streamer,1513,92,49,0.0614,0.5416,141.35,6926.35,0.5771
647,Richardson-Walker,Streamer,736,50,18,0.0683,0.3662,154.71,2784.82,0.4713
648,Mendoza Group,Streamer,525,47,22,0.0913,0.4877,93.83,2064.2,0.4787
649,"Zhang, Brooks and Miles",Streamer,2306,242,108,0.105,0.449,71.94,7769.47,0.3591
650,Todd-Pham,Streamer,969,102,43,0.1062,0.4264,143.65,6177.08,0.4886
651,Gill Ltd,Streamer,2011,211,75,0.1054,0.3598,124.13,9309.41,0.4036
652,"Marks, Miller and Griffin",Streamer,5122,510,276,0.0997,0.5422,155.7,42972.9,0.5606
653,"Cox, Stark and Rodriguez",Streamer,2775,282,139,0.1017,0.4942,108.47,15076.9,0.4835
654,"Leach, Harris and Herrera",Streamer,1860,187,87,0.1009,0.4666,81.64,7102.35,0.4607
655,Murphy PLC,Streamer,6670,806,301,0.1209,0.3737,115.3,34706.1,0.3749
656,Wilson-Harris,Streamer,534,52,28,0.0988,0.5435,150.46,4212.99,0.5171
657,"Burns, Nolan and Griffin",Streamer,7205,986,400,0.137,0.4062,154.81,61925.1,0.3609
658,Chavez PLC,Streamer,4623,362,142,0.0784,0.3925,90.91,12909.6,0.4823
659,Bryant-Brown,Streamer,1113,99,49,0.089,0.5,102.13,5004.29,0.4542
660,Chambers-Parker,Streamer,5103,690,306,0.1353,0.4435,119.77,36649.5,0.547
661,Foster Inc,Streamer,6218,747,385,0.1202,0.5162,143.59,55283.6,0.5455
662,"Robinson, Jones and Henderson",Streamer,1735,199,80,0.1151,0.4042,140.84,11267.5,0.3874
663,"Brown, Mcknight and Michael",Streamer,3576,231,122,0.0648,0.5323,137.03,16717.8,0.4629
664,Andersen Group,Streamer,3986,362,134,0.091,0.371,86.15,11543.6,0.3797
665,Mitchell and Sons,Streamer,3555,376,133,0.1059,0.3542,86.87,11553.1,0.4974
666,Cannon Ltd,Streamer,6799,563,284,0.0829,0.5053,142.09,40354.7,0.3958
667,"Stuart, Brooks and Vance",Streamer,2477,290,121,0.1172,0.42,73.94,8946.99,0.4362
668,Kane-Knox,Streamer,6250,774,307,0.124,0.3971,113.42,34821.4,0.413
669,Miller-Brandt,Streamer,6769,751,326,0.111,0.4347,130.36,42496.1,0.451
670,"Anderson, Dalton and Wilson",Streamer,3339,464,170,0.139,0.3681,91.85,15614.5,0.5654
671,"Long, Anderson and Irwin",Streamer,4746,507,263,0.1068,0.5203,97.53,25651.2,0.4601
672,Avila LLC,Streamer,2340,214,108,0.0917,0.5087,76.66,8279.4,0.4125
673,Nunez-Stephens,Streamer,7647,588,212,0.077,0.3618,71.39,15134.5,0.5558
674,"Gray, Hall and Murray",Streamer,6600,650,349,0.0986,0.5373,123.08,42956.6,0.505
675,Hill Ltd,Streamer,2521,203,71,0.0808,0.3543,76.8,5453,0.5423
676,Johnson Ltd,Streamer,6625,512,194,0.0774,0.3791,128.61,24949.7,0.5441
677,Mendez-Mayer,Streamer,5733,653,303,0.114,0.4652,152.84,46310.2,0.5237
678,Allen Inc,Streamer,543,67,30,0.1247,0.4533,154.1,4622.91,0.4595
679,Wheeler Group,Streamer,4319,541,219,0.1253,0.4062,87.52,19167.2,0.5378
680,"Powers, Brennan and Sanchez",Streamer,3019,211,102,0.0701,0.4874,81.37,8300.16,0.5288
681,Morales and Sons,Streamer,2542,187,97,0.0738,0.5208,80.14,7773.95,0.3715
682,"Robinson, Shields and Brown",Streamer,5930,397,140,0.067,0.3528,126.8,17752,0.5751
683,"Holder, Young and Hendricks",Streamer,1833,164,64,0.0898,0.3922,83.98,5374.69,0.4881
684,"Flores, Harper and Chambers",Streamer,3930,510,249,0.1299,0.4894,86.27,21482.4,0.5081
685,Young-Walter,Streamer,2840,258,95,0.0909,0.3696,126,11969.6,0.4246
686,"Boyd, Gutierrez and Hill",Streamer,5325,377,155,0.0709,0.4119,94.34,14622.1,0.55
687,"Fry, Hobbs and Buck",Streamer,2103,154,84,0.0734,0.5479,73.03,6134.81,0.5187
688,"Shelton, Peters and Williams",Streamer,5536,363,173,0.0656,0.4783,130.43,22564.2,0.5789
689,David-Powers,Streamer,589,53,27,0.0907,0.5211,145.95,3940.66,0.4319
690,"Flores, Butler and Hernandez",Streamer,739,68,37,0.0921,0.545,72.54,2683.93,0.5672
691,White-Medina,Streamer,3702,265,128,0.0717,0.4853,127.39,16305.9,0.4804
692,Atkinson LLC,Streamer,7744,721,377,0.0932,0.5236,71.88,27099.9,0.4775
693,"Thomas, Ford and Brown",Streamer,7780,639,304,0.0822,0.4766,105.21,31983,0.452
694,Faulkner-Grant,Streamer,2920,248,102,0.0852,0.4145,86.33,8805.87,0.4399
695,Price LLC,Streamer,7365,443,211,0.0602,0.4777,140.8,29708.9,0.3939
696,Rivera Inc,Streamer,5117,685,256,0.1339,0.3743,120.26,30787,0.5759
697,Boone-Davis,Streamer,5833,429,195,0.0737,0.4562,85.18,16609.3,0.5265
698,"Calderon, Williams and Bennett",Streamer,7779,685,349,0.0881,0.5109,74.85,26122.4,0.4549
699,"Morrison, Russo and Lopez",Streamer,6782,886,484,0.1307,0.5463,141.03,68259.7,0.523
700,"Ramsey, Hansen and Mendoza",Streamer,2321,220,96,0.0949,0.4371,135.22,12980.7,0.5415
701,Turner-Stout,Streamer,6527,740,298,0.1135,0.4033,115.54,34430.7,0.4895
702,Giles Ltd,Streamer,4908,404,174,0.0825,0.4326,147.02,25582,0.4661
703,Burgess Group,Streamer,702,60,22,0.0855,0.3747,104.76,2304.76,0.4042
704,Dominguez Ltd,Streamer,3953,512,217,0.1297,0.4242,89.85,19498.1,0.4535
705,Sanders and Sons,Streamer,5092,343,168,0.0675,0.4915,133.66,22455.5,0.5554
706,"Morris, Campbell and Owens",Streamer,1405,99,42,0.0705,0.4313,91.78,3854.56,0.4719
707,"Howard, Green and Hunt",Streamer,5112,627,336,0.1227,0.5363,112.4,37764.8,0.5539
708,Owens-Lang,Streamer,5564,425,194,0.0764,0.4588,76.79,14896.4,0.4793
709,"Harrison, Franco and Rocha",Streamer,3028,237,122,0.0785,0.5158,109.17,13318.4,0.4357
710,Edwards-Williams,Streamer,7748,617,310,0.0797,0.5036,153.6,47615.2,0.4123
711,Figueroa Inc,Streamer,4545,620,274,0.1366,0.4423,132.16,36213.1,0.371
712,Tran-Silva,Streamer,3201,424,164,0.1325,0.388,134.9,22123.3,0.3927
713,"Butler, Hernandez and Rivera",Streamer,6524,898,461,0.1377,0.5141,89.08,41065.9,0.5586
714,Hudson-Sanchez,Streamer,1275,124,44,0.0975,0.3594,127.31,5601.76,0.566
715,"Pena, Cohen and Scott",Streamer,990,67,27,0.0679,0.4173,87.85,2372.06,0.457
716,Levy-May,Streamer,3398,287,113,0.0847,0.3945,127.43,14399.5,0.5294
717,Murray-Oconnor,Streamer,7262,776,279,0.107,0.3602,155.29,43326.5,0.5046
718,Jackson-Cortez,Streamer,1305,131,48,0.1005,0.37,138.46,6646.17,0.4074
719,White-Preston,Streamer,4103,504,263,0.1229,0.5231,115.7,30428.3,0.4586
720,"Bernard, Warren and Combs",Streamer,5721,660,340,0.1155,0.5153,131.98,44874.2,0.3506
721,Landry Ltd,Streamer,3042,373,143,0.1227,0.3849,77.78,11122.1,0.4508
722,Duran Group,Streamer,3720,313,129,0.0842,0.4134,155.67,20081.8,0.4523
723,Kirby and Sons,Streamer,7753,587,213,0.0758,0.3635,109.4,23301.4,0.5745
724,Mann Inc,Streamer,1820,230,99,0.1267,0.4345,97.46,9648.3,0.5526
725,Wagner LLC,Streamer,6486,852,380,0.1314,0.447,127,48261.9,0.5258
726,Williamson Ltd,Streamer,4612,458,230,0.0995,0.5039,112.08,25777.6,0.4492
727,"Durham, Hopkins and Smith",Streamer,1218,138,65,0.1133,0.4721,70.85,4605.29,0.3635
728,"Arnold, Smith and Moreno",Streamer,5442,722,266,0.1328,0.3697,105.23,27991,0.3756
729,Nichols-Mitchell,Streamer,3096,428,224,0.1383,0.5247,114.71,25694.6,0.5338
730,"Li, Craig and Drake",Streamer,6073,618,325,0.1019,0.5264,82.3,26747.8,0.5714
731,Rodriguez Inc,Streamer,5772,578,270,0.1002,0.4677,97.59,26348.2,0.3741
732,"Hernandez, Lee and Fox",Streamer,7478,711,301,0.0952,0.424,114.69,34520.2,0.3886
733,Adams-Sanders,Streamer,1109,140,56,0.1266,0.4026,72.18,4042.16,0.5113
734,Chung-Stevens,Streamer,2384,332,175,0.1395,0.5296,84.86,14849.8,0.448
735,Branch and Sons,Streamer,7442,765,355,0.1028,0.4641,133.64,47440.6,0.4753
736,Sutton-Abbott,Streamer,3811,452,166,0.1189,0.3682,132.22,21948.9,0.3713
737,"Frey, Santos and Johnson",Streamer,1997,253,136,0.1269,0.5412,73.31,9970.3,0.4178
738,Gray-Tran,Streamer,7586,710,332,0.0937,0.4684,84.17,27944.5,0.3817
739,Walsh Ltd,Streamer,5224,629,283,0.1205,0.4501,149.51,42310.8,0.4532
740,Miller Group,Streamer,7908,866,412,0.1095,0.4765,90.4,37245.8,0.5544
741,"Mueller, Knight and Hodge",Streamer,2596,170,92,0.0657,0.5447,93.26,8580.19,0.4454
742,Jacobson Inc,Streamer,1705,202,77,0.1186,0.3833,77.31,5952.71,0.4262
743,Lewis Ltd,Streamer,3659,446,240,0.122,0.5395,134.24,32217.6,0.5234
744,"Alvarez, Williams and Jones",Streamer,6522,491,236,0.0754,0.4824,129.31,30517.4,0.4076
745,Lam-Elliott,Streamer,893,98,35,0.1108,0.3594,72.77,2546.9,0.4494
746,White LLC,Streamer,3814,270,120,0.0708,0.4454,113.57,13628.1,0.4998
747,Ali PLC,Streamer,1818,249,110,0.1374,0.4435,113.28,12460.7,0.49
748,Goodwin Ltd,Streamer,5391,392,196,0.0728,0.5021,87.97,17242.2,0.5338
749,Hickman-Evans,Streamer,1661,182,79,0.1098,0.4378,132.94,10502.5,0.46
750,"Allen, Davenport and Price",Streamer,5243,723,329,0.1381,0.4551,142.9,47013,0.4782
751,"Rivera, Campos and Taylor",Email,1273,78,29,0.0618,0.3738,114.55,3322.07,0.3312
752,"Ramsey, Mason and Mccann",Email,5905,335,104,0.0569,0.3111,122.57,12747,0.5157
753,Davis and Sons,Email,10017,325,90,0.0325,0.2777,104.87,9438.31,0.4803
754,Peterson PLC,Email,1501,81,28,0.0545,0.3457,57.22,1602.05,0.4662
755,"Sanders, Ayala and Johnson",Email,1115,59,17,0.0531,0.2964,93.19,1584.24,0.5146
756,Bowers-Hayes,Email,7507,381,120,0.0509,0.3154,97.37,11685,0.4015
757,Kelly Group,Email,1640,84,19,0.0514,0.2304,115.57,2195.9,0.4516
758,Lopez-Willis,Email,10037,331,76,0.033,0.2313,116.19,8830.16,0.5019
759,Miller-Montgomery,Email,4883,287,108,0.0589,0.3796,113.61,12270,0.4772
760,Marquez Inc,Email,5102,155,38,0.0305,0.2513,57.28,2176.6,0.3903
761,Moore-Dawson,Email,7510,247,56,0.033,0.2292,95.71,5359.86,0.315
762,"Moore, Price and Ward",Email,3739,144,43,0.0386,0.3014,68.53,2946.86,0.5075
763,Smith LLC,Email,2050,115,35,0.0564,0.3082,70.13,2454.72,0.4449
764,Ward-Nelson,Email,5730,181,66,0.0317,0.3655,55.44,3659.23,0.4637
765,Miller Group,Email,5403,341,114,0.0633,0.3345,55.89,6371.07,0.373
766,Hawkins-Hunt,Email,9351,612,156,0.0655,0.256,94.33,14716.2,0.4636
767,Johnson LLC,Email,7413,323,94,0.0436,0.2938,60.08,5647.42,0.3375
768,"Davis, George and Nguyen",Email,1747,111,33,0.0639,0.3062,96.64,3189.03,0.4872
769,Smith-Gutierrez,Email,7972,272,90,0.0342,0.3322,56.36,5072.53,0.3879
770,Hardy PLC,Email,3538,184,40,0.0522,0.2205,120.47,4818.95,0.4497
771,Armstrong and Sons,Email,6317,347,95,0.0551,0.2751,116.19,11037.9,0.3266
772,"James, Taylor and Turner",Email,8540,325,107,0.0382,0.3315,110.43,11816.3,0.4072
773,Thomas-Jackson,Email,10773,441,154,0.0409,0.3514,103.07,15872.4,0.3464
774,Fisher-Washington,Email,4311,197,47,0.0459,0.239,75.9,3567.52,0.3931
775,Ward and Sons,Email,10567,578,195,0.0547,0.3379,60.59,11815,0.5
776,"Weber, Wheeler and Gonzalez",Email,7840,501,190,0.064,0.3795,120.57,22907.8,0.3989
777,Taylor Inc,Email,10178,425,154,0.0418,0.3641,60.92,9382.35,0.506
778,Cook-Oliver,Email,4593,144,39,0.0315,0.2717,109.72,4278.97,0.3492
779,Alexander-Jordan,Email,11815,817,253,0.0692,0.3108,104.93,26547.2,0.399
780,"Mccann, Taylor and Flores",Email,2072,96,33,0.0463,0.3478,80.78,2665.85,0.3853
781,"Harris, Edwards and Oconnell",Email,4510,193,56,0.043,0.2914,122.66,6868.68,0.3662
782,Carter-Neal,Email,4598,226,54,0.0493,0.2404,107.92,5827.75,0.5124
783,Faulkner-Casey,Email,6804,370,115,0.0545,0.3118,75.87,8725.3,0.47
784,Bennett-Velasquez,Email,1041,41,12,0.0397,0.3123,56.9,682.77,0.4324
785,Diaz-Frederick,Email,11093,564,137,0.0509,0.244,66.57,9120.31,0.3068
786,Vargas PLC,Email,9916,405,149,0.0409,0.3693,124.5,18550,0.4816
787,Maldonado PLC,Email,9165,490,148,0.0535,0.3035,114.65,16968.2,0.4805
788,Benton Group,Email,1272,50,12,0.04,0.2438,127.15,1525.85,0.313
789,"Clark, Salinas and Guerra",Email,1622,103,28,0.0637,0.2801,75.34,2109.49,0.4259
790,Fuentes Group,Email,11869,489,164,0.0413,0.3361,129.52,21241.9,0.3003
791,"Porter, Schultz and Allen",Email,4124,272,102,0.066,0.3771,123.72,12619,0.3042
792,"Moore, Henderson and Bennett",Email,4749,188,43,0.0397,0.233,71.73,3084.41,0.3793
793,Ewing-Mendoza,Email,5276,306,78,0.0581,0.2572,118.2,9219.8,0.4231
794,Ferguson-Mclean,Email,11251,455,150,0.0405,0.3309,94.36,14153.6,0.4519
795,"Barnes, Johnson and Schmitt",Email,7749,387,110,0.05,0.2859,100.07,11007.5,0.4287
796,"Woodard, Herrera and Little",Email,5037,351,95,0.0698,0.2734,71.9,6830.05,0.4147
797,Rodriguez and Sons,Email,10163,635,204,0.0625,0.3228,108.04,22039.2,0.4125
798,"Ortega, Jackson and Salazar",Email,3546,207,58,0.0586,0.285,119.4,6925.21,0.424
799,"Terrell, Byrd and Ross",Email,10952,688,257,0.0628,0.3742,97.17,24972.7,0.5081
800,Sheppard-Jordan,Email,6367,400,106,0.0629,0.2652,116.19,12316.6,0.3928
801,Garcia and Sons,Email,8688,338,114,0.039,0.3379,109.77,12513.9,0.4251
802,"Burgess, Grant and Watts",Email,5449,295,73,0.0542,0.2489,97,7080.73,0.3693
803,Griffin Group,Email,3658,170,63,0.0465,0.3731,127.57,8037.1,0.3834
804,Barton-Chapman,Email,8869,358,88,0.0404,0.246,96.27,8471.69,0.3453
805,"Hernandez, Cuevas and Webb",Email,4816,324,109,0.0674,0.3383,127.64,13912.3,0.3354
806,Perry-Nixon,Email,4703,243,78,0.0518,0.325,92.85,7242.59,0.5032
807,Guerra Ltd,Email,8610,437,140,0.0508,0.3212,77.97,10915.5,0.5027
808,Bailey LLC,Email,1588,105,31,0.0666,0.2959,104.32,3233.87,0.4219
809,Mueller-Boyd,Email,5947,296,105,0.0498,0.3574,120.57,12660.2,0.4753
810,Alvarez-Kim,Email,11946,414,134,0.0347,0.3245,100.68,13491.4,0.3758
811,"Chavez, Jones and Williams",Email,4723,210,76,0.0445,0.3648,72.65,5521.16,0.4416
812,"Wilson, Sweeney and Wong",Email,11311,608,164,0.0538,0.2706,114.86,18837.5,0.4986
813,"Marsh, Spears and Yang",Email,5864,362,102,0.0619,0.2828,60.44,6164.54,0.3562
814,"Thompson, Moore and Castro",Email,2333,82,29,0.0354,0.3537,125.52,3640.2,0.3298
815,Hall-Sullivan,Email,9935,482,116,0.0486,0.2412,75.66,8776.9,0.3249
816,Lopez Ltd,Email,8598,303,93,0.0353,0.3091,99.56,9259.22,0.5111
817,Foster-Mclaughlin,Email,4710,291,89,0.0619,0.3059,112.84,10043.2,0.4599
818,Cole Group,Email,2249,98,26,0.0439,0.2689,62.3,1619.72,0.4281
819,Smith-Lewis,Email,11295,597,218,0.0529,0.3653,111.48,24303.4,0.4851
820,Goodwin-Stokes,Email,1991,89,19,0.045,0.222,57.22,1087.22,0.4202
821,Ray PLC,Email,7720,243,60,0.0316,0.2487,129.44,7766.31,0.3516
822,Diaz and Sons,Email,11451,589,182,0.0514,0.3099,112.13,20408.4,0.4117
823,Wilson-Lambert,Email,8238,293,99,0.0357,0.341,70.16,6945.38,0.477
824,Rose-Fowler,Email,9422,639,214,0.0678,0.3362,92.49,19791.8,0.5135
825,"Price, Long and Wilson",Email,10284,378,143,0.0368,0.3784,125.13,17893,0.4038
826,Bruce-Williamson,Email,3382,118,35,0.0349,0.2985,55.15,1930.33,0.313
827,"Mccarthy, Evans and Mendez",Email,9347,409,128,0.0439,0.3148,55.09,7051.95,0.4286
828,Powers LLC,Email,1557,96,30,0.0623,0.3167,117.78,3533.45,0.3023
829,Allen Inc,Email,3606,148,51,0.0413,0.3507,64.8,3304.61,0.3735
830,Brooks and Sons,Email,1297,46,13,0.0358,0.2913,90.58,1177.6,0.3529
831,"Price, Carlson and Andrews",Email,7826,240,84,0.0308,0.3528,118.98,9994.65,0.4152
832,Lopez-Reid,Email,9405,418,144,0.0445,0.346,81.65,11757.6,0.4744
833,"Ellison, Arias and Thompson",Email,4404,300,81,0.0682,0.2706,122.81,9947.99,0.4646
834,Burns and Sons,Email,11773,773,223,0.0657,0.2892,104.28,23253.5,0.444
835,Edwards Group,Email,2038,77,22,0.0379,0.2892,94.36,2075.95,0.3696
836,"Brown, Howard and Smith",Email,2225,132,31,0.0594,0.2421,104.89,3251.45,0.4051
837,Lee Group,Email,5478,314,112,0.0574,0.3594,128.02,14338.2,0.4662
838,"Wagner, Simpson and Cohen",Email,6605,346,110,0.0525,0.3202,127.62,14038.7,0.404
839,Mckinney-Wallace,Email,5227,357,105,0.0683,0.2962,88.07,9247.23,0.4895
840,Miller Inc,Email,6741,451,119,0.067,0.2653,104.01,12377.7,0.5099
841,Carter LLC,Email,4468,310,111,0.0696,0.3583,63.52,7050.26,0.5002
842,Medina and Sons,Email,5379,325,118,0.0604,0.3633,64.15,7569.18,0.3901
843,Cunningham-Barton,Email,2890,200,49,0.0693,0.2463,104.27,5109.44,0.3865
844,Dunn-Wilson,Email,5982,417,151,0.0698,0.3632,93.09,14056.5,0.3131
845,Adams PLC,Email,9678,660,233,0.0682,0.3541,106.69,24858,0.3527
846,Weaver-Sherman,Email,7445,520,126,0.0699,0.2426,118.69,14954.4,0.5117
847,"Alexander, Robinson and Coleman",Email,2969,127,34,0.0431,0.2704,107.45,3653.26,0.3019
848,"Greer, Potter and Evans",Email,2351,107,26,0.0458,0.2513,82.77,2152.15,0.5074
849,Cole LLC,Email,1110,54,20,0.0495,0.3756,100.45,2009.03,0.3912
850,Gonzales Inc,Email,11387,727,199,0.0639,0.2744,118.95,23670.2,0.3065
851,Clark Ltd,Email,6910,257,89,0.0373,0.3471,90.17,8025.02,0.4606
852,"Norris, Callahan and Bishop",Email,11027,526,179,0.0478,0.3412,56.06,10034.8,0.4291
853,Martin-Taylor,Email,8065,476,145,0.0591,0.3057,76.16,11043.9,0.3062
854,Li Inc,Email,10981,761,250,0.0694,0.3294,96.38,24094.6,0.5006
855,"Bell, Campbell and Ryan",Email,2184,92,21,0.0423,0.23,55.52,1165.83,0.5133
856,Werner-Carter,Email,11242,412,91,0.0367,0.2224,55.61,5060.26,0.3487
857,"Adams, Hodge and Duke",Email,6017,371,130,0.0617,0.3512,67.94,8832.18,0.3031
858,"Ochoa, Taylor and Brady",Email,8948,364,96,0.0408,0.2662,77.47,7437.21,0.364
859,Sellers-Riddle,Email,9804,361,95,0.0369,0.2643,85.48,8120.18,0.4731
860,"Martinez, Cline and Wright",Email,8504,480,174,0.0566,0.363,126.93,22085.9,0.5032
861,"Morris, Wright and Bridges",Email,8911,517,190,0.0581,0.3685,116.21,22080.5,0.4103
862,Burns-Ray,Email,2877,130,38,0.0452,0.2944,99.57,3783.61,0.4946
863,Burton-Brooks,Email,9609,320,93,0.0334,0.2931,98.54,9164.05,0.3006
864,Schultz Inc,Email,1155,67,16,0.0587,0.2489,82.64,1322.17,0.3683
865,Robertson-Ramirez,Email,11489,779,256,0.0679,0.3298,113.33,29012.7,0.4362
866,Gibson-Freeman,Email,10558,729,267,0.0691,0.3667,57.18,15266.5,0.3099
867,"Smith, Schroeder and Oconnor",Email,10968,370,93,0.0338,0.2515,101.34,9424.6,0.345
868,"Stanton, Reid and Terry",Email,7993,509,177,0.0637,0.3484,96.27,17039,0.3565
869,Flynn Group,Email,1373,64,22,0.0467,0.3578,64.9,1427.85,0.4537
870,Donaldson and Sons,Email,6778,258,96,0.0381,0.3757,92.81,8909.75,0.3979
871,Adams-Clayton,Email,3858,134,30,0.0348,0.23,97.08,2912.44,0.334
872,Kelley-Anderson,Email,10102,585,141,0.058,0.2417,100.1,14114.5,0.4903
873,Kramer-Shannon,Email,10382,495,182,0.0477,0.3691,120.26,21886.9,0.3048
874,Williams Ltd,Email,1761,120,38,0.0682,0.3249,88.2,3351.79,0.3112
875,Smith-Noble,Email,10711,591,162,0.0552,0.275,95.68,15500.8,0.3204
876,Alexander Inc,Email,9409,605,187,0.0643,0.3102,117.5,21972.9,0.4926
877,Harris-Barker,Email,9216,498,187,0.0541,0.3771,119.87,22416.2,0.4136
878,Khan LLC,Email,4223,150,41,0.0357,0.2791,55.09,2258.55,0.3143
879,Baxter LLC,Email,2752,140,37,0.0509,0.2695,55.39,2049.61,0.3656
880,Pena LLC,Email,3265,98,28,0.03,0.2917,108.6,3040.88,0.3955
881,Watson Ltd,Email,8045,502,125,0.0624,0.2498,103,12874.9,0.37
882,Williams Ltd,Email,1056,49,15,0.0466,0.3177,124.93,1873.97,0.3845
883,Barber-Fischer,Email,6819,281,105,0.0413,0.3746,73.08,7673.07,0.391
884,Rios-Padilla,Email,9580,465,142,0.0486,0.3072,107.92,15324.5,0.4277
885,Lewis Inc,Email,2432,168,57,0.0693,0.3408,77.28,4405.04,0.4714
886,Wheeler PLC,Email,10507,571,152,0.0544,0.2669,97.5,14819.5,0.3035
887,"Wallace, Smith and Cooper",Email,4694,150,46,0.032,0.307,126.94,5839.16,0.4723
888,Mcneil Group,Email,6392,432,120,0.0677,0.2791,109.25,13110,0.3863
889,"Anderson, Jones and Reyes",Email,3052,149,41,0.049,0.279,103.36,4237.84,0.4208
890,"Shaffer, Garcia and Richardson",Email,8880,454,156,0.0512,0.3455,63.42,9893.18,0.3357
891,Taylor-Ayala,Email,4179,247,66,0.0593,0.2674,100.97,6663.71,0.3242
892,May Ltd,Email,9579,593,146,0.0619,0.2465,57.79,8436.82,0.484
893,Jones PLC,Email,7287,266,62,0.0366,0.2366,98.23,6090.3,0.4587
894,Bishop and Sons,Email,6607,335,119,0.0507,0.3556,94.84,11285.9,0.4875
895,Bell-Lewis,Email,8851,407,149,0.0461,0.3664,103.88,15478.3,0.4478
896,"Hernandez, Jenkins and Parks",Email,3812,255,83,0.067,0.3273,125.83,10443.8,0.3707
897,Miller Inc,Email,7156,216,75,0.0302,0.3513,76.73,5754.79,0.3432
898,Goodwin PLC,Email,11488,497,142,0.0433,0.2863,108.08,15347.9,0.5054
899,"Cruz, Richmond and Edwards",Email,6638,413,117,0.0623,0.2841,116.23,13599.1,0.3539
900,Wright Ltd,Email,5932,239,75,0.0404,0.315,118.99,8924.44,0.479
901,Wright PLC,Fraud,1237,485,369,0.3927,0.7614,5.9,2177.5,0.0251
902,"Griffith, Mitchell and Pugh",Fraud,629,260,155,0.4142,0.5997,8.14,1261.82,0.0598
903,Abbott Ltd,Fraud,2788,553,378,0.1986,0.6839,6.84,2584.74,0.0262
904,Harris-Lawson,Fraud,1945,871,788,0.4479,0.9058,14.3,11272.2,0.0434
905,Adkins LLC,Fraud,3718,1256,853,0.3381,0.6792,5.11,4357.07,0.0107
906,"Brown, Hurst and Blevins",Fraud,1352,503,393,0.3725,0.783,5.17,2033.01,0.0645
907,Cruz-Allen,Fraud,3956,1703,1552,0.4307,0.9116,13.72,21289.8,0.0548
908,"Wheeler, Rice and Levine",Fraud,558,174,105,0.3119,0.6089,12.58,1320.41,0.0116
909,Peck-Anderson,Fraud,1517,435,388,0.2872,0.8941,10.18,3950.66,0.0666
910,"Fisher, Payne and Thompson",Fraud,606,193,119,0.3201,0.6187,7.36,875.87,0.0129
911,Best-Townsend,Fraud,1201,421,264,0.3511,0.628,11.49,3032.58,0.0574
912,Matthews Inc,Fraud,711,143,98,0.2018,0.6891,17.04,1669.5,0.0437
913,Lewis-Livingston,Fraud,3467,748,513,0.2159,0.686,12.22,6266.9,0.0474
914,Hunter-Fuller,Fraud,3962,1258,1142,0.3177,0.908,17.01,19422.4,0.0212
915,"Wang, Henderson and Morales",Fraud,3470,949,810,0.2736,0.8545,13.36,10821.5,0.0683
916,"Herrera, Jensen and Ramirez",Fraud,897,398,361,0.4438,0.9071,17.23,6220,0.055
917,Miller-Mccall,Fraud,3510,704,598,0.2008,0.85,5.5,3286.96,0.0131
918,Herrera Group,Fraud,1276,555,451,0.4356,0.813,17.46,7875.62,0.0221
919,"Walters, Davenport and Becker",Fraud,2963,1075,672,0.363,0.6255,4.39,2953.05,0.0464
920,Collins Group,Fraud,2855,1280,834,0.4486,0.6517,17.04,14213.4,0.0358
921,"Ashley, Allen and Sanchez",Fraud,3686,770,638,0.2091,0.8295,8.06,5141.74,0.0205
922,Wilson-Salazar,Fraud,1212,531,392,0.4382,0.7386,17.8,6976,0.0493
923,Parker Ltd,Fraud,2731,529,458,0.194,0.8663,14.94,6843.31,0.0392
924,"Yang, Wilson and Zimmerman",Fraud,1410,615,464,0.4366,0.756,11.22,5206.93,0.0592
925,"Smith, Crawford and Reed",Fraud,2766,929,771,0.3361,0.8306,7.89,6082.42,0.0116
926,"Logan, Le and Jackson",Fraud,1874,673,603,0.3592,0.8964,17.18,10358.1,0.0569
927,Brady LLC,Fraud,2418,551,397,0.2279,0.7207,16.25,6450.95,0.0198
928,"Tanner, Wise and Johnson",Fraud,3619,738,611,0.204,0.8282,12.39,7572.52,0.0177
929,Nelson-Brown,Fraud,3643,936,825,0.2571,0.8821,6.58,5429.61,0.0206
930,"Proctor, Burton and Crawford",Fraud,2958,925,636,0.3129,0.6884,14.48,9206.98,0.0627
931,"Ward, Porter and Bradley",Fraud,1324,289,246,0.2186,0.8542,13.11,3224.05,0.0518
932,Moore-Ayala,Fraud,830,298,188,0.3596,0.633,12.03,2261.81,0.0348
933,"Craig, Wilson and Yang",Fraud,3795,847,547,0.2234,0.6468,17.45,9542.58,0.027
934,Williams Inc,Fraud,3906,1447,1096,0.3705,0.758,15.58,17072,0.056
935,Williams LLC,Fraud,1943,742,491,0.3822,0.6621,9.29,4559.96,0.0185
936,Mora-White,Fraud,1252,471,424,0.3768,0.9011,16.02,6794.2,0.0308
937,Tran Ltd,Fraud,1474,296,248,0.2012,0.8378,5.18,1284.57,0.0198
938,"Rios, Walker and Wright",Fraud,1018,226,128,0.2225,0.5696,7.93,1015.25,0.0203
939,"Flores, Mckenzie and Duncan",Fraud,3503,1061,592,0.303,0.5588,6.89,4078.1,0.0458
940,Shaw Inc,Fraud,3170,1038,594,0.3275,0.573,12.71,7551.28,0.0233
941,Walker PLC,Fraud,2552,906,714,0.3553,0.7888,7.18,5129.56,0.0335
942,Finley Inc,Fraud,2007,586,389,0.2921,0.6644,3.82,1484.72,0.0257
943,Cline-Ayala,Fraud,1048,456,322,0.4351,0.7076,6.83,2198.53,0.0361
944,Murphy-Tran,Fraud,2359,473,336,0.2006,0.7105,11.39,3825.5,0.0426
945,Wood LLC,Fraud,2956,832,721,0.2815,0.8676,10.03,7231.42,0.0484
946,"Mueller, Stevenson and Sanchez",Fraud,3844,1060,833,0.2759,0.7867,10.1,8414.32,0.0185
947,Vargas-Snyder,Fraud,2665,1004,909,0.3769,0.9055,12.29,11170.7,0.0602
948,Oconnor PLC,Fraud,2453,534,370,0.2179,0.6942,11.98,4431.41,0.0483
949,Hernandez Group,Fraud,1247,322,178,0.2584,0.5549,8.59,1529.7,0.0401
950,Hall LLC,Fraud,1174,278,201,0.2372,0.726,13.66,2746.24,0.0391
951,"Franco, Wiley and Tapia",Fraud,1925,393,266,0.2046,0.6791,14.8,3937.33,0.0347
952,Blake Group,Fraud,3224,750,649,0.2329,0.8666,7.14,4633.51,0.0192
953,"Acosta, Garcia and Moreno",Fraud,1799,495,333,0.2757,0.6737,13.37,4451.28,0.0342
954,Barnes Inc,Fraud,2694,954,730,0.3543,0.7658,3.02,2202.62,0.0515
955,Dawson Inc,Fraud,3192,858,536,0.2691,0.6251,5.43,2908.01,0.0528
956,Morse PLC,Fraud,3508,783,617,0.2234,0.7887,7.55,4657.24,0.0532
957,Haynes-Watson,Fraud,1186,459,300,0.3878,0.6539,15.41,4621.9,0.0694
958,"Miller, Davis and Anderson",Fraud,2293,704,458,0.3072,0.6516,4.63,2120.71,0.0171
959,Jones-Bradley,Fraud,3453,1316,1014,0.3813,0.7708,6.42,6510.12,0.0588
960,Bates-Anderson,Fraud,640,225,140,0.3526,0.6226,6.39,894.45,0.0364
961,Green-Edwards,Fraud,813,325,254,0.4007,0.7838,8.64,2195.13,0.0192
962,Haynes-Moss,Fraud,1024,409,245,0.3997,0.6002,3,736.2,0.0695
963,Chavez-Hall,Fraud,1776,563,431,0.3174,0.7669,17.67,7614.94,0.0377
964,Taylor PLC,Fraud,862,176,124,0.205,0.7052,8.85,1096.89,0.015
965,Moore and Sons,Fraud,2194,774,675,0.3531,0.8733,6.68,4510.95,0.0374
966,Owens-Russell,Fraud,3077,1252,1132,0.4071,0.9048,8.82,9985.17,0.0595
967,"Howard, Townsend and Hayes",Fraud,697,219,187,0.3147,0.8584,11.63,2174.06,0.0375
968,Baker-Wilson,Fraud,3472,1321,844,0.3807,0.6393,3.22,2716.21,0.0113
969,Aguirre LLC,Fraud,2414,815,545,0.3379,0.6698,13.06,7119.13,0.0241
970,"Terry, Williams and Huff",Fraud,2110,856,585,0.4061,0.6842,13.22,7736.31,0.0432
971,Hernandez-Dawson,Fraud,3372,629,353,0.1868,0.5614,17.68,6242.2,0.044
972,Foster-Williams,Fraud,1904,494,315,0.2596,0.6385,7.99,2515.4,0.0668
973,Green-Ewing,Fraud,3827,1231,801,0.3218,0.6507,4.26,3408.48,0.0575
974,Crane Group,Fraud,2994,701,439,0.2343,0.6266,17.52,7692.89,0.0403
975,"Adkins, Wright and Murray",Fraud,3066,813,632,0.2652,0.7777,16.64,10515.1,0.0207
976,Martinez Inc,Fraud,3177,620,393,0.1953,0.6348,17.12,6730.08,0.0427
977,Anderson Group,Fraud,3533,1425,896,0.4035,0.6293,14.74,13210.7,0.0669
978,Parks-Pace,Fraud,1794,398,300,0.2221,0.7549,16.73,5017.89,0.0552
979,Aguilar LLC,Fraud,1391,458,323,0.3295,0.7066,14.35,4633.73,0.0593
980,Johnson Inc,Fraud,3816,1618,1082,0.4241,0.6689,9.44,10214.6,0.0559
981,Orr Group,Fraud,533,132,106,0.2489,0.8095,15.71,1665.42,0.0274
982,Davis LLC,Fraud,1531,667,452,0.436,0.678,7.82,3535.25,0.032
983,Williams Group,Fraud,1666,540,428,0.3242,0.794,5.8,2483.72,0.0131
984,Jackson PLC,Fraud,923,178,134,0.193,0.7562,14.46,1937.43,0.0453
985,Underwood-Foster,Fraud,1383,564,370,0.4085,0.6568,5.01,1854.96,0.0273
986,Reyes Group,Fraud,1646,615,356,0.3738,0.5794,10.86,3867.17,0.067
987,Gomez and Sons,Fraud,2604,1017,672,0.3908,0.661,15.07,10127,0.0313
988,Ramirez-Stephenson,Fraud,3976,725,532,0.1825,0.7341,16.84,8957.04,0.0395
989,Mendez PLC,Fraud,621,268,160,0.4323,0.5981,16.52,2643.19,0.0266
990,Holland Group,Fraud,1168,421,365,0.3605,0.8674,4.87,1776.68,0.0403
991,Andrade-Mendoza,Fraud,608,179,160,0.2948,0.8975,5.44,870.21,0.0365
992,Ramirez and Sons,Fraud,625,238,143,0.381,0.6038,12.36,1768.08,0.0598
993,Gonzalez-Wilkerson,Fraud,3861,1469,1164,0.3805,0.7926,16.82,19575.5,0.0229
994,"Wright, Mcknight and Stephens",Fraud,2979,1335,1202,0.4484,0.9007,6.32,7594,0.0414
995,Mayo Ltd,Fraud,2499,832,515,0.3332,0.6197,17.09,8800.74,0.0573
996,Castillo-Harrington,Fraud,1867,414,372,0.2218,0.899,17.93,6671.16,0.0682
997,Durham-Shaw,Fraud,1478,600,429,0.4066,0.7154,16.01,6867.35,0.0139
998,Nelson-Johnson,Fraud,2743,1031,648,0.3759,0.6292,6.15,3985.24,0.0333
999,"Robinson, Huang and Osborne",Fraud,3351,762,498,0.2275,0.6539,14.96,7447.8,0.0527
1000,Stokes Group,Fraud,1618,702,401,0.434,0.5714,17.48,7007.7,0.0397
